Video,Frame,Keyframe_Type,Shoulder_X,Shoulder_Y,Elbow_X,Elbow_Y,Wrist_X,Wrist_Y,Hip_X,Hip_Y,Knee_X,Knee_Y,Ankle_X,Ankle_Y,Elbow_Angle,Trunk_Lean_Angle,Stride_Length,Humerus_Straightness,UpperArm_Compression,Hand_Center_Offset
AudryeDumlao.mp4,297,LiftOff,591.2917900085449,456.71193838119507,488.39550018310547,495.4036617279053,530.3546333312988,570.2049779891968,488.98406982421875,623.8555097579956,569.47998046875,736.612765789032,502.4253273010254,860.4659986495972,81.32,91.94,238.05,37.92,109.93,35.68
AudryeDumlao.mp4,339,MaxKneeLift,795.215950012207,411.1052656173706,911.8858909606934,426.43853187561035,1012.0317077636719,432.0259165763855,757.422981262207,628.8762831687927,670.6266403198242,755.1565074920654,550.4166412353516,845.1598334312439,175.71,69.71,336.82,92.36,117.67,221.38
AudryeDumlao.mp4,345,DragStart,824.9646377563477,395.6535530090332,911.5573883056641,354.5168137550354,1024.0934371948242,338.6331903934479,825.2243614196777,626.3627743721008,717.1126556396484,740.8539175987244,595.0215911865234,830.985152721405,162.62,86.29,359.93,115.35,95.87,161.32
AudryeDumlao.mp4,354,CirclePeak,875.5264663696289,413.89010667800903,865.111026763916,319.3400502204895,904.0937232971191,221.07724785804749,921.3603401184082,623.8033676147461,838.9126396179199,749.756383895874,716.0747909545898,822.0945954322815,152.07,98.46,369.44,173.97,95.12,56.79
AudryeDumlao.mp4,358,FootPlant,905.9610557556152,429.4790303707123,856.9220924377441,342.0962655544281,827.5263404846191,233.8385546207428,970.7631683349609,634.0635251998901,894.4616317749023,763.0839157104492,778.7532806396484,833.6539936065674,165.89,101.3,354.7,168.27,100.2,182.44
AudryeDumlao.mp4,367,ThreeQuarterArmCircle,988.9292907714844,471.0675072669983,892.1579360961914,491.3829231262207,792.6000595092773,481.0845923423767,1056.7136764526367,657.5109457969666,1018.8064956665039,800.8303213119507,907.1744155883789,839.4619846343994,162.24,98.06,296.7,98.12,98.88,298.26
AudryeDumlao.mp4,375,Connection,1066.6322708129883,488.53203535079956,1044.8735046386719,591.834568977356,1028.8555526733398,691.0151696205139,1094.7528076171875,656.0644841194153,1088.6613464355469,801.3713765144348,961.5914154052734,818.5419130325317,177.28,85.29,276.4,21.42,105.57,94.22
AudryeDumlao.mp4,378,Release,1087.833595275879,475.4061198234558,1102.4942779541016,582.6616716384888,1157.3041534423828,666.3492321968079,1103.7462615966797,646.5656661987305,1105.5923080444336,796.2548160552979,974.5695877075195,813.9535331726074,154.56,78.7,278.84,2.47,108.25,26.33
BiancaBazarnick (5).mp4,182,LiftOff,648.4713935852051,436.5902853012085,565.5970001220703,448.3157014846802,494.62303161621094,481.0813093185425,598.1683158874512,572.200026512146,672.4027061462402,659.3523359298706,601.6419410705566,749.8580288887024,163.27,137.42,203.5,61.6,83.7,101.54
BiancaBazarnick (5).mp4,213,MaxKneeLift,797.3303031921387,410.6310296058655,810.6374359130859,483.6474108695984,883.8678932189941,510.70029973983765,784.8587608337402,544.3249011039734,731.2769508361816,650.2628016471863,647.574520111084,729.5104908943176,120.6,74.1,230.0,15.66,74.22,75.82
BiancaBazarnick (5).mp4,218,DragStart,817.2319221496582,414.4532096385956,869.2706108093262,459.63959097862244,943.5595321655273,447.07706809043884,830.8487892150879,545.5629873275757,754.735221862793,638.521614074707,662.0870590209961,738.0403017997742,129.43,82.22,239.31,43.1,68.92,85.49
BiancaBazarnick (5).mp4,229,CirclePeak,924.8257827758789,477.4225723743439,989.2710113525391,430.6523895263672,1062.861328125,339.35017704963684,926.5022850036621,527.2130727767944,1027.434310913086,626.2147808074951,1069.1366958618164,736.7136383056641,164.84,25.32,105.92,124.04,79.63,126.89
BiancaBazarnick (5).mp4,233,FootPlant,903.0010986328125,420.9240174293518,855.8090400695801,373.73454093933105,877.4273872375488,309.92626905441284,941.1163330078125,564.2768669128418,875.0127410888672,642.9251146316528,847.4380874633789,721.6307830810547,116.28,99.37,239.52,149.89,66.74,94.23
BiancaBazarnick (5).mp4,241,ThreeQuarterArmCircle,960.6772613525391,443.57974648475647,896.7493057250977,470.14410853385925,827.7913284301758,451.8811297416687,999.290771484375,571.5465760231018,958.0282974243164,668.3913373947144,864.7249603271484,713.8120365142822,142.6,97.74,200.36,84.23,69.23,197.3
BiancaBazarnick (5).mp4,247,Connection,1008.0377197265625,434.746835231781,985.1136016845703,512.233954668045,960.1582717895508,581.4529395103455,1023.7532043457031,560.3470230102539,993.9094161987305,666.9613552093506,896.3996315002441,693.7881660461426,176.65,87.49,195.2,23.61,80.81,85.93
BiancaBazarnick (5).mp4,250,Release,1024.167366027832,428.102091550827,1014.74853515625,508.7495720386505,1049.8136901855469,577.4939346313477,1031.1079788208008,557.4658155441284,1008.9201736450195,657.0550560951233,915.4316139221191,687.6800036430359,146.31,84.02,192.57,9.73,81.2,3.61
BiancaBazarnick (7).mp4,284,LiftOff,612.0418167114258,440.111939907074,502.71738052368164,452.1722888946533,420.6228446960449,509.7383737564087,557.3369407653809,610.6538915634155,656.5602493286133,739.2123413085938,572.3483276367188,861.2838578224182,151.26,99.24,250.41,65.92,109.99,148.24
BiancaBazarnick (7).mp4,313,MaxKneeLift,801.8325233459473,394.7890877723694,786.0637092590332,499.62138175964355,868.5161590576172,573.2633399963379,790.7493209838867,577.1322226524353,730.0736618041992,739.3623304367065,624.5116424560547,840.6005501747131,123.22,79.91,325.05,5.08,106.01,45.81
BiancaBazarnick (7).mp4,318,DragStart,838.0337905883789,385.63955783843994,845.4142570495605,479.2452299594879,961.2508392333984,500.5255651473999,843.7743186950684,579.3288230895996,764.5369720458984,727.9302620887756,660.4857444763184,830.968029499054,104.92,85.16,357.99,2.81,93.9,80.12
BiancaBazarnick (7).mp4,329,CirclePeak,904.4023704528809,388.50895285606384,911.9443702697754,346.17796540260315,1006.4553451538086,274.32689666748047,953.0526924133301,604.7530746459961,855.7896995544434,731.3254880905151,870.6381797790527,826.2225794792175,137.35,94.2,382.22,157.22,43.0,6.63
BiancaBazarnick (7).mp4,336,FootPlant,967.1905517578125,428.88020038604736,876.3775634765625,364.1329836845398,885.7394027709961,255.27267694473267,1035.2331161499023,627.2335481643677,962.0601654052734,757.5002646446228,917.0630264282227,844.9788808822632,120.57,99.36,364.59,144.42,111.53,195.7
BiancaBazarnick (7).mp4,343,ThreeQuarterArmCircle,1048.417854309082,446.8925106525421,933.2516098022461,474.44451570510864,821.3592910766602,442.1952438354492,1104.7636413574219,636.1651754379272,1052.3814010620117,792.5779581069946,920.9797096252441,828.2318544387817,150.47,98.63,321.62,93.12,118.42,323.52
BiancaBazarnick (7).mp4,349,Connection,1111.2978744506836,429.5822203159332,1066.7089462280273,547.0125389099121,1000.2669525146484,648.6527681350708,1136.6000747680664,617.9670524597168,1114.3016052246094,778.7793445587158,980.8699035644531,813.9806342124939,167.62,91.22,319.23,28.44,125.61,173.79
BiancaBazarnick (7).mp4,353,Release,1131.039161682129,423.5412311553955,1125.6421279907227,550.4261112213135,1187.9601287841797,648.6306881904602,1149.0363693237305,609.2535853385925,1136.385154724121,769.7975063323975,1026.419334411621,802.415120601654,145.17,85.99,317.24,7.97,127.0,4.52
BiancaBazarnick.mp4,435,LiftOff,570.0383949279785,426.1383605003357,495.06683349609375,447.885046005249,450.1773262023926,503.5694754123688,552.0187568664551,554.4272804260254,611.7128562927246,628.2619714736938,548.1425285339355,718.9511919021606,145.05,91.98,191.81,65.83,78.06,107.13
BiancaBazarnick.mp4,465,MaxKneeLift,745.8747482299805,400.59234738349915,771.5811538696289,455.535489320755,838.0761337280273,442.397278547287,735.9474563598633,527.6019179821014,678.8958549499512,624.6012711524963,586.0443878173828,707.5711369514465,103.9,69.48,203.61,29.54,60.66,86.91
BiancaBazarnick.mp4,469,DragStart,771.6969108581543,398.65468740463257,835.4724884033203,398.80940794944763,869.937858581543,381.2966322898865,762.059497833252,537.6904249191284,692.8447723388672,626.4797401428223,603.34716796875,711.2867474555969,152.92,70.31,225.35,93.83,63.78,87.02
BiancaBazarnick.mp4,478,CirclePeak,828.0671310424805,430.8892500400543,887.1780395507812,410.5306398868561,905.1505851745605,348.0757141113281,858.9167976379395,499.2495310306549,793.1752967834473,598.9885354042053,698.7417984008789,698.7043976783752,125.06,74.92,243.44,84.72,62.52,40.56
BiancaBazarnick.mp4,484,FootPlant,829.6095657348633,410.2268314361572,774.5148468017578,356.3029074668884,794.7479438781738,273.5175347328186,877.3079109191895,547.902946472168,816.5269088745117,619.2218112945557,789.9065780639648,705.4894423484802,120.65,99.37,238.99,153.49,77.09,112.22
BiancaBazarnick.mp4,492,ThreeQuarterArmCircle,885.1130104064941,421.51644229888916,824.6613121032715,455.399694442749,752.5770378112793,444.414439201355,934.8859977722168,548.240647315979,900.9122085571289,645.3986477851868,826.8616676330566,702.9386615753174,142.06,103.95,210.03,82.17,69.3,208.22
BiancaBazarnick.mp4,498,Connection,946.3791847229004,417.2249507904053,916.241340637207,499.6488690376282,899.1880416870117,561.468722820282,966.5671920776367,539.315425157547,949.7982788085938,648.969612121582,851.4522743225098,672.2458648681641,175.34,76.62,198.53,29.47,87.76,75.73
BiancaBazarnick.mp4,501,Release,946.6651725769043,420.55413007736206,951.0257148742676,497.8161692619324,984.6732330322266,556.832127571106,961.4385223388672,543.7992310523987,962.5094604492188,644.936900138855,872.4489212036133,659.7299480438232,153.54,89.49,198.38,3.61,77.38,3.89
CocoMedieros (3).mp4,459,LiftOff,514.5038223266602,350.10159730911255,438.9222049713135,404.1125535964966,509.74130630493164,467.0636987686157,443.1616401672363,499.79753851890564,520.5792617797852,607.9882049560547,461.06898307800293,727.8665971755981,77.18,73.26,243.54,28.97,92.9,63.12
CocoMedieros (3).mp4,491,MaxKneeLift,658.5733795166016,288.1649708747864,722.5229644775391,339.390184879303,804.1240882873535,342.85606026649475,666.6271018981934,484.9182629585266,610.0278854370117,600.5125665664673,523.6625289916992,689.6839356422424,143.74,81.6,138.46,48.96,81.94,108.52
CocoMedieros (3).mp4,493,DragStart,677.5879096984863,284.6628212928772,739.3407440185547,333.8810133934021,803.624439239502,330.86352825164795,686.5892601013184,474.86361622810364,629.0674781799316,594.7167420387268,539.015007019043,691.8612241744995,138.76,78.41,153.6,48.73,78.97,90.45
CocoMedieros (3).mp4,517,CirclePeak,810.6298828125,310.000684261322,810.1962089538574,227.17065274715424,854.7673988342285,157.23106026649475,849.2661666870117,493.9273953437805,827.1366691589355,615.0801801681519,832.2970390319824,715.3676104545593,147.19,90.95,292.34,168.44,82.83,28.15
CocoMedieros (3).mp4,530,FootPlant,911.1673164367676,357.6529383659363,820.9111404418945,348.3353304862976,762.117748260498,304.2338275909424,938.748607635498,502.14126348495483,903.3916282653809,624.3446803092957,841.5225791931152,718.5209226608276,149.02,95.28,311.19,106.7,90.74,209.4
CocoMedieros (3).mp4,532,ThreeQuarterArmCircle,933.933162689209,367.29064106941223,845.26611328125,384.48856830596924,761.4094161987305,353.2572269439697,956.9849395751953,488.0117726325989,923.3514976501465,623.6521553993225,843.2621383666992,716.857008934021,148.6,103.98,307.36,89.83,90.32,225.37
CocoMedieros (3).mp4,540,Connection,998.554801940918,377.7114737033844,980.8255004882812,465.9122586250305,939.6159553527832,537.1243929862976,1030.1932525634766,530.3811585903168,987.1995162963867,646.2022805213928,889.1766357421875,704.3488812446594,161.31,95.74,247.35,23.07,89.97,118.78
CocoMedieros (3).mp4,544,Release,1027.873878479004,379.90076780319214,1037.376480102539,470.57801485061646,1083.5536193847656,542.4098038673401,1044.983139038086,532.9542768001556,1014.8271560668945,653.193576335907,919.3461227416992,695.2263236045837,153.25,86.4,241.91,0.4,91.17,13.63
CocoMedieros (4).mp4,295,LiftOff,504.84981536865234,349.8502850532532,433.9398193359375,412.01669096946716,504.74618911743164,471.6840720176697,432.9580879211426,504.16698575019836,521.9959259033203,607.6383376121521,471.22570037841797,733.1117105484009,81.36,90.49,246.22,23.78,94.3,67.8
CocoMedieros (4).mp4,331,MaxKneeLift,665.5802536010742,282.52949953079224,721.5720748901367,325.0837969779968,797.1259689331055,331.13215684890747,675.2993202209473,478.9351773262024,623.9160919189453,595.5114269256592,529.0311813354492,691.0367345809937,147.34,81.27,165.59,49.93,70.33,92.13
CocoMedieros (4).mp4,332,DragStart,678.3413887023926,282.02343106269836,752.7750205993652,326.1943280696869,806.228084564209,319.1541087627411,682.8813743591309,478.03990960121155,625.6041526794434,600.7692217826843,539.4366645812988,690.2428865432739,141.81,77.15,175.66,57.99,86.55,95.02
CocoMedieros (4).mp4,354,CirclePeak,797.1969795227051,303.9942955970764,790.8758354187012,228.8981992006302,846.9692230224609,157.79619097709656,824.9797439575195,494.10545110702515,799.0728378295898,617.6392006874084,798.4438705444336,712.7708029747009,136.92,88.56,296.94,176.5,75.36,13.21
CocoMedieros (4).mp4,367,FootPlant,884.6180534362793,345.7608926296234,801.3031768798828,332.8855490684509,741.7831993103027,280.2758002281189,926.6255378723145,511.24866127967834,879.8919296264648,622.1800088882446,815.3705978393555,714.5219421386719,147.31,98.59,306.89,113.03,84.3,220.56
CocoMedieros (4).mp4,371,ThreeQuarterArmCircle,1020.0155639648438,375.6141686439514,971.1875152587891,467.7513635158539,907.4969673156738,466.7504918575287,974.7080612182617,478.5925841331482,1022.6085662841797,592.9979825019836,1040.5418014526367,722.2493433952332,117.02,87.98,219.76,4.17,104.28,49.48
CocoMedieros (4).mp4,379,Connection,993.8484191894531,378.40821504592896,974.3158721923828,470.78181982040405,937.6247406005859,554.9628639221191,1000.5677032470703,532.3118984699249,969.0204620361328,651.8320226669312,870.0119018554688,702.8063106536865,168.39,90.31,259.21,14.44,94.42,93.39
CocoMedieros (4).mp4,384,Release,1033.5803604125977,374.5032513141632,1044.3318557739258,469.2116332054138,1110.7379150390625,530.7925343513489,1024.8400497436523,525.1435446739197,1007.8048324584961,652.9113006591797,907.8988265991211,695.3203725814819,139.32,79.38,248.51,9.8,95.32,68.33
CocoMedieros (5).mp4,386,LiftOff,502.81494140625,346.6515898704529,428.17700386047363,408.01825761795044,506.085262298584,468.83073806762695,433.4363651275635,494.33313846588135,512.3314476013184,610.837869644165,453.15442085266113,732.7356433868408,77.4,92.0,246.33,25.41,96.63,64.56
CocoMedieros (5).mp4,419,DragStart,655.6388282775879,288.64757537841797,726.4826202392578,342.0469880104065,813.4942817687988,348.129723072052,694.8957252502441,465.92339515686035,615.0646018981934,586.6849851608276,520.5983734130859,705.791609287262,146.99,92.1,140.72,40.51,88.71,96.7
CocoMedieros (5).mp4,421,MaxKneeLift,673.1534957885742,280.92674016952515,739.5760917663574,330.66442251205444,812.7715873718262,330.8944272994995,686.9573593139648,476.70127272605896,629.1161727905273,599.7341680526733,545.9828567504883,699.2465472221375,143.35,83.09,159.9,49.14,82.98,97.12
CocoMedieros (5).mp4,446,CirclePeak,812.5690841674805,327.264883518219,810.2548599243164,252.50669717788696,854.469051361084,176.14382028579712,857.5936889648438,520.1501619815826,822.0049095153809,633.6367321014404,838.3123970031738,712.8046631813049,148.16,91.03,296.96,168.63,74.79,36.56
CocoMedieros (5).mp4,456,FootPlant,893.6951637268066,359.4143772125244,807.4075698852539,339.1403532028198,763.0319023132324,264.9031698703766,920.8159446716309,518.0474817752838,883.2336044311523,632.1868586540222,843.226375579834,720.3542017936707,134.09,92.87,310.46,112.92,88.64,192.35
CocoMedieros (5).mp4,462,ThreeQuarterArmCircle,942.9808616638184,389.4156789779663,865.0940322875977,422.00992584228516,776.7316818237305,414.0208160877228,982.9308700561523,543.1723666191101,935.6904029846191,648.1376552581787,856.5004920959473,712.6144409179688,152.13,98.29,265.48,81.86,84.43,239.19
CocoMedieros (5).mp4,468,Connection,998.5458755493164,387.4097514152527,972.2014617919922,480.07715463638306,925.4818725585938,556.7191529273987,1005.7786560058594,546.1140847206116,974.835319519043,662.0937252044678,882.6922416687012,707.4123930931091,164.5,90.66,252.64,18.48,96.34,109.98
CocoMedieros (5).mp4,472,Release,1078.1303787231445,396.6308641433716,1081.6643142700195,493.43233466148376,1107.4757766723633,542.3271489143372,1005.1804733276367,507.7843952178955,1001.6510009765625,642.807183265686,901.0526847839355,696.5209937095642,154.26,32.31,272.37,35.37,96.87,90.12
IrelandMalpass (2).mp4,360,LiftOff,568.9550971984863,448.82128715515137,497.6876449584961,490.197172164917,451.93742752075195,569.3371653556824,571.7146682739258,589.8293495178223,640.6628036499023,671.0109329223633,622.2830200195312,785.9466361999512,150.17,99.38,171.78,60.98,82.41,138.18
IrelandMalpass (2).mp4,396,MaxKneeLift,697.5847434997559,424.5402681827545,767.0447731018066,446.8034505844116,856.9888114929199,427.8502321243286,733.1436538696289,573.4258818626404,702.8116035461426,679.1747188568115,632.0583915710449,783.7354230880737,150.33,87.58,212.98,58.8,72.94,92.19
IrelandMalpass (2).mp4,399,DragStart,721.7988395690918,424.9355185031891,790.6437492370605,425.5456781387329,871.1627769470215,387.99503087997437,757.1573066711426,567.9560422897339,719.6561050415039,675.4024600982666,646.6965293884277,776.6922426223755,154.49,87.1,209.77,75.61,68.85,84.79
IrelandMalpass (2).mp4,417,CirclePeak,801.5930557250977,435.7019376754761,801.782054901123,357.6048195362091,832.5699806213379,279.52643394470215,854.3641090393066,578.6924958229065,828.7043380737305,678.5696768760681,824.3001365661621,748.4893298149109,158.62,98.15,236.08,159.6,78.1,51.76
IrelandMalpass (2).mp4,428,FootPlant,869.6880340576172,462.5249183177948,802.4277877807617,432.4207806587219,748.6136627197266,381.99382424354553,925.3096389770508,600.1406836509705,880.9731674194336,688.4907817840576,822.2542762756348,756.0115098953247,160.97,98.26,235.48,136.12,73.69,204.79
IrelandMalpass (2).mp4,434,ThreeQuarterArmCircle,917.5647354125977,481.63301825523376,848.0354690551758,504.4895911216736,767.0351600646973,500.1331150531769,956.2272262573242,598.6541819572449,906.2361717224121,685.5992102622986,825.7574844360352,749.7791719436646,158.72,100.88,219.43,90.09,73.19,219.92
IrelandMalpass (2).mp4,440,Connection,947.955150604248,499.72553730010986,923.6553382873535,565.7507514953613,882.2818565368652,617.373468875885,972.484016418457,596.3612151145935,935.2365875244141,683.6133027076721,852.901782989502,735.5971527099609,161.49,96.5,211.28,34.45,70.35,121.67
IrelandMalpass (2).mp4,445,Release,978.9801406860352,485.3130626678467,993.3406448364258,566.6298937797546,1018.4746170043945,635.5041933059692,996.7971038818359,594.1287589073181,963.9153671264648,690.652813911438,887.0623397827148,718.1738877296448,169.97,89.42,197.87,0.72,82.58,1.25
IrelandMalpass (3).mp4,354,LiftOff,561.9372940063477,452.1521723270416,494.3947219848633,503.36753726005554,456.9328308105469,584.7893929481506,570.1139259338379,595.3578972816467,641.4131927490234,681.0347771644592,621.1059951782227,794.0577006340027,151.88,98.92,171.8,56.1,84.76,133.67
IrelandMalpass (3).mp4,387,MaxKneeLift,698.7932395935059,434.6044099330902,765.5574989318848,448.7587809562683,852.2922134399414,438.47129702568054,725.2462005615234,580.3421187400818,695.017204284668,693.8789963722229,623.910083770752,793.6822772026062,161.27,83.38,203.74,67.74,68.25,95.73
IrelandMalpass (3).mp4,390,DragStart,716.2988090515137,431.69774293899536,782.5841331481934,437.38194465637207,857.6726531982422,410.246787071228,741.6494178771973,573.7545704841614,706.3044548034668,685.5126929283142,631.5137100219727,787.4921035766602,155.23,85.25,209.04,74.98,66.53,84.98
IrelandMalpass (3).mp4,409,CirclePeak,785.1584243774414,442.20258235931396,780.6689071655273,363.6119484901428,811.446647644043,291.297812461853,830.6343841552734,581.6532039642334,809.6131324768066,681.5157723426819,802.357177734375,755.0898814201355,153.68,96.12,240.4,165.21,78.72,48.42
IrelandMalpass (3).mp4,419,FootPlant,844.0970993041992,457.4436664581299,787.6000213623047,429.1932463645935,741.7765617370605,375.8214819431305,884.5499038696289,581.3263821601868,859.3196296691895,681.9984412193298,800.3908538818359,752.4042391777039,157.22,101.06,250.13,134.65,63.17,174.86
IrelandMalpass (3).mp4,426,ThreeQuarterArmCircle,894.8027229309082,482.2593677043915,828.9613723754883,506.56684398651123,744.2069435119629,499.36031699180603,932.5757789611816,596.5115261077881,882.0001029968262,684.1548085212708,802.7469062805176,744.0248036384583,154.88,98.39,210.95,88.03,70.19,218.14
IrelandMalpass (3).mp4,432,Connection,937.265682220459,476.4071846008301,915.9653091430664,547.0019173622131,881.583080291748,603.154821395874,964.6742248535156,591.0739374160767,916.984691619873,679.7157740592957,832.4660110473633,727.4622058868408,165.31,96.25,193.54,30.23,73.74,108.67
IrelandMalpass (3).mp4,437,Release,973.0967330932617,478.0786943435669,968.5564041137695,561.2493395805359,1002.7814483642578,625.6970286369324,978.75732421875,591.955075263977,942.5917625427246,680.2333974838257,868.8639450073242,704.8905801773071,148.9,83.22,185.18,5.97,83.29,3.9
IrelandMalpass (4).mp4,291,LiftOff,520.1567459106445,376.3099765777588,462.0380687713623,473.1153094768524,471.90622329711914,579.3665456771851,502.9031753540039,537.7887547016144,585.403003692627,657.0695400238037,542.4445152282715,795.7899141311646,143.71,97.48,239.09,24.88,112.91,51.87
IrelandMalpass (4).mp4,328,MaxKneeLift,691.4692497253418,315.3299331665039,781.9228363037109,331.96990728378296,886.0671615600586,309.1405963897705,718.4292984008789,514.0012192726135,675.7787704467773,663.0522394180298,585.6654739379883,778.6904454231262,157.21,89.45,265.18,71.85,91.97,128.77
IrelandMalpass (4).mp4,329,DragStart,694.8544120788574,314.48288083076477,787.2309494018555,325.9642267227173,889.0619087219238,302.2114849090576,726.0907745361328,512.6695668697357,684.4614601135254,660.0942993164062,595.3375053405762,777.5769853591919,159.79,89.45,265.07,73.96,93.09,124.17
IrelandMalpass (4).mp4,351,CirclePeak,834.7987747192383,354.5396661758423,828.5263824462891,255.83861231803894,888.467903137207,164.02666211128235,878.3428001403809,548.8424062728882,853.044605255127,692.8062200546265,814.8732948303223,783.7662577629089,143.22,93.45,323.96,171.0,98.9,30.33
IrelandMalpass (4).mp4,361,FootPlant,912.8221321105957,386.6137146949768,836.586799621582,316.9792342185974,794.945240020752,207.0767605304718,968.4362411499023,570.4360127449036,898.2480239868164,693.3390998840332,816.6040992736816,779.4918251037598,153.16,97.86,314.1,149.24,103.25,213.91
IrelandMalpass (4).mp4,370,ThreeQuarterArmCircle,989.8255920410156,418.1152296066284,898.7742233276367,443.9806616306305,797.3415756225586,425.70873498916626,1030.250129699707,583.0896878242493,959.7708320617676,691.5606021881104,858.6227416992188,760.154299736023,153.93,95.26,272.72,87.91,94.65,272.27
IrelandMalpass (4).mp4,376,Connection,1044.3267059326172,404.4212222099304,1002.3880004882812,509.74522948265076,948.402214050293,585.5233097076416,1063.432846069336,568.6716771125793,1018.9078903198242,687.0057606697083,914.7160148620605,739.5471453666687,166.25,89.96,265.47,28.35,113.37,149.41
IrelandMalpass (4).mp4,381,Release,1071.7937850952148,406.61415338516235,1065.2104568481445,513.2157719135284,1117.3227310180664,598.0269312858582,1080.1301193237305,562.754123210907,1055.8094787597656,695.1828718185425,975.6869888305664,720.6024241447449,144.9,82.9,262.67,6.59,106.8,8.78
IsabellaBlue (2).mp4,419,LiftOff,558.6740112304688,406.05114698410034,458.3734130859375,440.69779872894287,357.2742748260498,503.0206632614136,553.9403915405273,593.4743428230286,641.619873046875,706.9653868675232,575.9422874450684,846.8653964996338,167.4,106.23,209.69,69.5,106.12,205.41
IsabellaBlue (2).mp4,452,MaxKneeLift,694.1350364685059,411.6696882247925,734.7819328308105,499.6926748752594,835.7014274597168,538.0816519260406,722.179069519043,580.432562828064,696.5506553649902,715.6670093536377,600.0937843322754,829.2825508117676,135.61,87.97,274.08,15.35,96.95,80.73
IsabellaBlue (2).mp4,458,DragStart,726.3153076171875,406.4556348323822,803.1711959838867,430.79014778137207,903.4319114685059,412.1748876571655,774.1733551025391,579.9707508087158,743.8379287719727,712.0330882072449,635.6145286560059,806.4605784416199,151.91,86.97,275.82,57.01,80.62,93.41
IsabellaBlue (2).mp4,469,CirclePeak,782.3448371887207,394.51032042503357,781.9720458984375,308.2663142681122,858.5858917236328,248.14964175224304,859.4107818603516,570.8033895492554,843.1733322143555,707.9916214942932,759.459285736084,773.4910368919373,127.87,96.6,284.3,156.64,86.24,34.92
IsabellaBlue (2).mp4,480,FootPlant,861.0343551635742,419.70266819000244,778.3387184143066,374.85678791999817,713.170337677002,284.2251491546631,937.7348899841309,587.6794195175171,910.2490997314453,713.3009791374207,800.6282615661621,767.8307175636292,154.19,99.69,278.34,143.01,94.07,256.89
IsabellaBlue (2).mp4,486,ThreeQuarterArmCircle,912.9429817199707,434.23925399780273,803.0074882507324,443.5151159763336,691.2274932861328,431.41334295272827,973.0320739746094,606.6018676757812,931.3232231140137,715.3447580337524,819.7175788879395,759.5770025253296,169.0,101.97,253.37,104.4,110.33,315.69
IsabellaBlue (2).mp4,495,Connection,981.0396194458008,462.59347558021545,1026.3486099243164,552.0146441459656,1103.2173156738281,505.75098037719727,992.3377990722656,602.3198390007019,960.8988189697266,711.8703532218933,872.6704788208008,748.0649828910828,85.83,87.03,251.05,22.25,100.24,77.6
IsabellaBlue (2).mp4,498,Release,1000.6509017944336,457.73566246032715,985.1445007324219,566.077573299408,1016.0990524291992,653.7218856811523,998.0126953125,596.0839605331421,979.3341064453125,707.1574759483337,893.8565826416016,746.4206385612488,152.4,82.95,251.72,7.05,109.45,9.26
IsabellaBlue (3).mp4,243,LiftOff,693.2718658447266,369.8982632160187,583.4521865844727,409.437940120697,491.49667739868164,478.9232039451599,664.3676948547363,555.046226978302,760.8345794677734,679.2965126037598,702.0384979248047,819.702558517456,162.72,94.27,211.97,61.33,116.72,191.2
IsabellaBlue (3).mp4,275,MaxKneeLift,848.4692001342773,347.56903409957886,888.9446067810059,455.7959747314453,970.7604217529297,533.2194936275482,863.8491439819336,536.3396537303925,828.6398506164551,685.6348729133606,732.1793746948242,797.6322054862976,153.93,85.76,262.38,15.85,115.55,70.62
IsabellaBlue (3).mp4,278,DragStart,859.7103309631348,346.0082459449768,927.5251579284668,438.451566696167,1032.092170715332,485.3488218784332,886.6069221496582,535.7758748531342,846.6474723815918,677.249128818512,759.0919303894043,788.701479434967,150.42,83.25,270.34,28.2,114.65,106.07
IsabellaBlue (3).mp4,301,CirclePeak,1009.9298858642578,356.7184352874756,995.7582092285156,248.1688892841339,1069.7614288330078,151.6742205619812,1085.3124618530273,548.9085817337036,1059.4865798950195,685.4946041107178,980.4550552368164,764.6411633491516,135.08,98.57,313.54,166.02,109.47,53.57
IsabellaBlue (3).mp4,305,FootPlant,1048.9591598510742,363.99715662002563,979.7575378417969,284.9192190170288,993.0338287353516,180.8246397972107,1112.365837097168,546.9386386871338,1085.5566787719727,687.8715777397156,978.5206604003906,752.6216268539429,131.54,99.74,327.38,157.93,105.08,158.94
IsabellaBlue (3).mp4,315,ThreeQuarterArmCircle,1135.583267211914,386.5423250198364,1026.954689025879,400.76557517051697,905.4428100585938,404.5126962661743,1194.6438217163086,575.1425814628601,1139.2627716064453,698.6649370193481,1013.5780334472656,748.7758541107178,174.31,95.06,262.83,99.93,109.56,324.45
IsabellaBlue (3).mp4,323,Connection,1210.641860961914,370.16560435295105,1178.672103881836,479.36293601989746,1181.6880798339844,532.0480334758759,1216.5134811401367,559.293622970581,1194.085464477539,690.5150556564331,1074.9724960327148,739.1613578796387,160.41,85.14,260.41,18.1,113.78,67.65
IsabellaBlue (3).mp4,327,Release,1254.188232421875,371.29525423049927,1261.9085311889648,505.3852450847626,1302.8423309326172,582.0121479034424,1217.527084350586,544.0700483322144,1214.6751022338867,673.2148718833923,1108.106346130371,722.4651861190796,155.18,60.68,274.1,15.28,134.31,65.38
IsabellaBlue (5).mp4,272,LiftOff,423.69595527648926,429.3826961517334,311.19564056396484,465.9177303314209,216.96360111236572,516.3094425201416,389.9143409729004,602.4780678749084,500.1850891113281,725.1017117500305,438.29495429992676,877.4573850631714,169.86,92.97,248.43,60.97,118.28,194.74
IsabellaBlue (5).mp4,308,MaxKneeLift,643.8272666931152,401.36897563934326,711.5961456298828,509.54943895339966,794.8275375366211,591.7689728736877,657.6845741271973,586.5320992469788,625.0820732116699,737.4097037315369,500.1547622680664,828.1909132003784,166.71,78.63,299.61,27.78,127.65,100.91
IsabellaBlue (5).mp4,309,DragStart,655.2267837524414,396.7551040649414,716.0085296630859,498.33582043647766,812.0547866821289,573.92902135849,656.7318534851074,580.4411888122559,634.0057754516602,735.882453918457,510.58971405029297,826.2105417251587,159.1,77.03,306.07,30.43,118.38,115.11
IsabellaBlue (5).mp4,328,CirclePeak,774.6296310424805,383.0838203430176,771.5606117248535,287.19226241111755,855.985164642334,197.85886645317078,862.2907447814941,593.5785627365112,839.5975685119629,749.4274377822876,742.4739646911621,845.5877208709717,134.79,94.51,333.8,159.22,95.94,47.1
IsabellaBlue (5).mp4,333,FootPlant,825.7536506652832,405.0204384326935,749.0562057495117,310.6541347503662,758.0432510375977,184.67408180236816,906.533317565918,601.1163210868835,872.3397445678711,753.9256310462952,738.7978363037109,827.7073431015015,136.82,94.19,340.97,163.29,121.6,190.0
IsabellaBlue (5).mp4,342,ThreeQuarterArmCircle,929.1842079162598,428.3169364929199,806.4007759094238,432.08694219589233,679.1837310791016,438.42665433883667,984.6393585205078,623.9522624015808,923.8939476013184,755.1953887939453,773.7228012084961,801.6503047943115,178.91,95.36,292.42,104.07,122.84,344.42
IsabellaBlue (5).mp4,350,Connection,991.0122299194336,454.18709993362427,947.926139831543,566.6413521766663,927.1523666381836,663.27632188797,1013.0763244628906,605.4714775085449,973.86474609375,747.9329538345337,853.0169105529785,794.7072887420654,171.17,91.15,284.69,29.26,120.43,123.41
IsabellaBlue (5).mp4,353,Release,1021.8166351318359,454.68740701675415,1008.1688690185547,565.4431772232056,1052.8998184204102,657.9012393951416,1017.0216751098633,605.6015753746033,985.2902984619141,740.5522656440735,885.2330589294434,789.7989749908447,147.16,77.69,283.59,5.2,111.59,1.98
KateRiesenberger (6).mp4,343,LiftOff,552.7466583251953,374.56791400909424,449.8083972930908,403.5198390483856,361.38925552368164,463.54777336120605,521.1867141723633,566.1073780059814,621.818962097168,681.4248776435852,553.6557769775391,793.1835150718689,161.54,108.42,278.36,64.93,106.93,166.58
KateRiesenberger (6).mp4,378,MaxKneeLift,799.9382400512695,362.28509187698364,891.3605690002441,400.3485667705536,984.7994613647461,396.30346298217773,798.8091087341309,547.5359559059143,725.0670433044434,662.7940392494202,604.54833984375,765.7537221908569,154.92,72.91,272.62,67.74,99.03,158.32
KateRiesenberger (6).mp4,379,DragStart,804.345645904541,360.7264280319214,900.406665802002,387.9707622528076,996.5596389770508,381.1246919631958,807.8312301635742,546.175754070282,737.2014427185059,661.4272713661194,615.4824829101562,758.6895561218262,160.09,73.65,276.64,73.09,99.85,159.53
KateRiesenberger (6).mp4,396,CirclePeak,910.9887886047363,354.88547801971436,907.254581451416,252.72955656051636,961.1771392822266,159.6944546699524,950.364990234375,555.825526714325,928.4732437133789,681.4512062072754,864.9246597290039,741.942400932312,147.81,88.45,313.13,171.01,102.22,23.4
KateRiesenberger (6).mp4,403,FootPlant,965.5984497070312,378.6896860599518,887.1813583374023,332.16634154319763,853.7993431091309,235.888352394104,1027.6799011230469,559.5182204246521,990.1929473876953,704.1699886322021,895.6555366516113,744.8383498191833,139.8,98.52,292.22,139.63,91.18,202.61
KateRiesenberger (6).mp4,410,ThreeQuarterArmCircle,1027.3000717163086,411.3341760635376,951.1818695068359,455.1690137386322,858.8653564453125,446.79859042167664,1089.015884399414,568.4416079521179,1038.4301376342773,687.4351930618286,932.6891899108887,733.9166307449341,144.88,100.49,252.77,81.51,87.84,262.1
KateRiesenberger (6).mp4,416,Connection,1082.7553939819336,410.0681519508362,1066.307144165039,505.7859992980957,1036.7425918579102,589.9689102172852,1117.837028503418,567.2746539115906,1091.5739822387695,680.9378957748413,986.0666656494141,723.4064483642578,170.4,94.76,243.91,22.33,97.12,109.46
KateRiesenberger (6).mp4,419,Release,1111.7729187011719,410.5802071094513,1116.2396621704102,512.6317799091339,1159.391098022461,591.8921184539795,1121.037940979004,554.5934915542603,1102.6768112182617,668.8598442077637,1014.8268127441406,718.2083916664124,153.94,86.35,248.89,1.17,102.15,14.98
KateRiesenberger.mp4,349,CirclePeak,922.1620559692383,436.7028737068176,934.0790748596191,389.49421405792236,959.6559906005859,320.8537817001343,937.6667976379395,572.7771306037903,1016.7971420288086,615.8411979675293,1100.339241027832,670.9352946281433,173.73,114.43,138.22,159.33,48.69,27.03
KateRiesenberger.mp4,372,Connection,1006.0885620117188,475.2257466316223,1009.0468597412109,511.7236375808716,1052.574462890625,491.75374388694763,1043.1345748901367,581.9846606254578,1035.754737854004,666.6261005401611,979.5818710327148,688.782262802124,69.99,100.0,172.22,14.5,36.62,7.14
KateRiesenberger.mp4,374,Release,1030.4961776733398,475.1138663291931,1038.1846618652344,543.4897899627686,1061.088981628418,602.4534773826599,1059.3285369873047,581.6616368293762,1108.4096145629883,651.5503907203674,1148.8490295410156,719.3327951431274,165.19,51.31,128.05,8.73,68.81,5.44
LucyStathis (2).mp4,96,LiftOff,308.7955856323242,232.63314700126648,265.215425491333,260.64421939849854,285.640811920166,300.1789200305939,272.15970039367676,320.29751563072205,306.9609546661377,388.0536079406738,262.4070453643799,443.1108121871948,95.41,103.66,136.38,34.59,51.81,15.81
LucyStathis (2).mp4,102,MaxKneeLift,395.30261993408203,227.81006109714508,410.92984199523926,275.0183777809143,450.0445747375488,289.6441419124603,377.86869049072266,321.6645419597626,433.1062316894531,329.05540776252747,427.9942989349365,403.92188572883606,128.82,58.97,152.06,28.84,49.73,73.57
LucyStathis (2).mp4,104,DragStart,411.7938709259033,224.81850695610046,458.1524848937988,222.99714982509613,494.21939849853516,204.4667603969574,412.6092052459717,325.5917866230011,363.5085868835449,378.7189464569092,307.80552864074707,430.31876826286316,155.06,72.11,148.72,91.79,46.39,67.61
LucyStathis (3).mp4,235,LiftOff,734.2481231689453,378.7732422351837,674.3630218505859,431.19099855422974,705.8246040344238,512.1581554412842,694.4394493103027,535.7796084880829,728.0192184448242,651.1487030982971,653.0885696411133,747.0115828514099,109.96,128.72,247.7,34.58,79.59,3.95
LucyStathis (3).mp4,261,MaxKneeLift,877.221508026123,373.73396158218384,959.3512344360352,404.5122456550598,1038.1698989868164,376.3250398635864,859.1687965393066,546.5180253982544,800.5789947509766,649.5198726654053,693.6249732971191,739.5172119140625,139.78,68.96,221.53,75.42,87.71,153.17
LucyStathis (3).mp4,268,DragStart,929.9108505249023,361.7461609840393,1009.3107604980469,335.8845591545105,1082.1261978149414,302.89844155311584,919.2038154602051,545.2088069915771,850.2912712097168,647.7673816680908,752.537841796875,731.762580871582,173.67,74.72,260.65,111.38,83.51,135.31
LucyStathis (3).mp4,278,CirclePeak,972.6322174072266,383.05964827537537,916.5195465087891,329.40937399864197,906.15234375,285.39055824279785,1024.9600982666016,543.6529111862183,965.3297424316406,657.4829435348511,881.7895317077637,745.7991170883179,146.97,98.97,253.71,151.76,77.63,150.01
LucyStathis (3).mp4,282,FootPlant,1003.2300567626953,378.0536484718323,942.9223823547363,344.0030264854431,867.4022483825684,331.0482144355774,1053.8645553588867,546.5327668190002,1002.4821853637695,652.8295469284058,919.1834449768066,741.0640954971313,160.28,99.36,258.85,136.18,69.26,218.66
LucyStathis (3).mp4,287,ThreeQuarterArmCircle,1055.302963256836,397.41679430007935,975.0981903076172,414.8952269554138,886.0578346252441,392.08258867263794,1093.7443542480469,556.1309766769409,1027.939224243164,653.0585217475891,951.383056640625,732.9772996902466,153.34,100.36,240.28,91.32,82.09,238.11
LucyStathis (3).mp4,292,Connection,1108.6058807373047,411.539751291275,1084.6563720703125,494.063640832901,1052.5091171264648,541.8800139427185,1111.3341522216797,552.7152800559998,1057.9875183105469,651.8461203575134,979.1881942749023,728.5074949264526,162.27,85.57,228.44,17.29,85.93,86.82
LucyStathis (3).mp4,296,Release,1165.9891891479492,389.9032402038574,1168.7519073486328,479.4127929210663,1203.0132293701172,546.5939855575562,1141.4208984375,537.4149084091187,1203.0159759521484,610.6758427619934,1219.149055480957,707.9177856445312,154.75,162.81,225.12,11.22,89.55,61.43
MackenxieMaynard.mp4,352,LiftOff,568.5135269165039,398.4110355377197,447.73263931274414,396.09692215919495,344.2731285095215,381.85094833374023,514.7158813476562,591.2571430206299,594.7435569763184,712.0343112945557,518.3051490783691,853.8445901870728,173.26,86.2,263.01,75.51,120.8,174.87
MackenxieMaynard.mp4,385,DragStart,768.8860130310059,383.2296895980835,847.5,465.4844355583191,941.7823219299316,507.69510984420776,779.6819686889648,565.6499433517456,706.6182518005371,700.9629249572754,601.5940475463867,796.4035177230835,157.82,77.32,188.59,40.32,113.78,132.42
MackenxieMaynard.mp4,410,CirclePeak,954.1411399841309,427.16092586517334,937.3318290710449,341.1579966545105,959.3999290466309,238.75591278076172,1002.4938583374023,611.6404724121094,955.9050750732422,729.4007992744446,890.4512786865234,796.0034394264221,156.78,91.25,316.52,176.37,87.63,80.67
MackenxieMaynard.mp4,415,FootPlant,1011.2782287597656,445.5339181423187,930.1360702514648,391.3817596435547,889.7101020812988,298.6181831359863,1053.610725402832,619.1893672943115,989.28955078125,738.8633108139038,890.1763916015625,786.8318939208984,147.27,96.0,307.21,137.42,97.55,202.95
MackenxieMaynard.mp4,422,ThreeQuarterArmCircle,1101.2339401245117,478.7428307533264,1009.9905395507812,514.3971455097198,904.9204444885254,511.7704689502716,1116.1937713623047,618.7281346321106,1038.5206604003906,732.9126048088074,909.7537994384766,782.1002840995789,157.22,88.52,266.28,74.76,97.96,245.29
MackenxieMaynard.mp4,427,Connection,1152.2929000854492,480.5435371398926,1108.9019393920898,574.0307307243347,1063.2699966430664,645.3885412216187,1141.1049270629883,617.9702711105347,1056.4595031738281,730.4746055603027,935.2973556518555,775.8701992034912,172.3,76.52,249.41,20.24,103.07,109.47
MackenxieMaynard.mp4,431,Release,1206.7287826538086,471.80882692337036,1187.5530624389648,583.9646458625793,1231.8514251708984,664.8992943763733,1148.0146408081055,612.1481823921204,1078.9655685424805,724.8353362083435,965.8467864990234,767.3577690124512,141.6,53.48,247.96,13.0,113.78,60.6
SarahBrody (10).mp4,325,LiftOff,626.8288993835449,425.5296492576599,562.3401832580566,516.0627973079681,642.348747253418,581.5931439399719,559.7040939331055,592.496645450592,635.1696968078613,723.625123500824,543.6435127258301,831.4897084236145,93.86,95.16,229.42,13.56,111.15,80.57
SarahBrody (10).mp4,353,MaxKneeLift,781.5500450134277,371.1227345466614,873.2090377807617,382.7624702453613,971.7277908325195,378.9162790775299,751.2821388244629,572.5869727134705,686.707649230957,705.9132742881775,564.4297027587891,807.1976494789124,170.53,66.44,231.98,91.31,92.4,191.85
SarahBrody (10).mp4,360,DragStart,798.512134552002,345.5828368663788,887.068920135498,298.0279469490051,992.3319625854492,261.79617404937744,789.6330642700195,564.4225430488586,731.5117263793945,699.960765838623,608.3307838439941,785.2017760276794,170.76,78.3,253.29,120.56,100.52,164.53
SarahBrody (10).mp4,373,CirclePeak,897.6425743103027,370.1463568210602,878.8458824157715,267.4073123931885,898.7091064453125,164.45493578910828,893.0919456481934,566.8683958053589,854.1562271118164,710.0803327560425,769.4334983825684,757.0157289505005,158.71,88.98,256.11,168.31,104.44,29.85
SarahBrody (10).mp4,379,FootPlant,932.834415435791,396.82848930358887,860.3359222412109,332.75184631347656,821.8958473205566,237.04610109329224,947.3318481445312,591.921923160553,894.9422836303711,715.3477835655212,777.8163528442383,755.5924415588379,153.35,92.26,242.15,135.72,96.76,158.79
SarahBrody (10).mp4,386,ThreeQuarterArmCircle,981.6198348999023,441.7755317687988,895.7208251953125,463.7673497200012,805.7256317138672,448.650119304657,992.4011993408203,609.3302536010742,920.1799392700195,706.7842411994934,798.6812782287598,746.3117837905884,156.1,91.79,219.03,79.32,88.67,217.04
SarahBrody (10).mp4,392,Connection,1021.0941696166992,450.3615725040436,986.6839599609375,544.9968266487122,960.2365493774414,634.3055033683777,1016.9240570068359,599.7132468223572,957.4156379699707,704.7499251365662,842.1904563903809,731.3459587097168,176.51,83.45,213.86,18.38,100.7,83.9
SarahBrody (10).mp4,395,Release,1040.0785446166992,452.1426451206207,1030.634765625,549.779806137085,1058.8958358764648,628.4680938720703,1020.5865097045898,584.259603023529,980.9181976318359,704.5967817306519,868.5284042358398,725.6952953338623,154.72,72.46,224.95,2.87,98.09,12.94
SarahBrody (11).mp4,493,LiftOff,720.0928688049316,451.0465979576111,678.7712860107422,557.752275466919,726.0954093933105,641.4848327636719,662.7672386169434,622.4964666366577,716.6269683837891,747.6215171813965,617.8340721130371,859.8431253433228,129.36,27.01,212.74,2.68,114.43,63.55
SarahBrody (11).mp4,521,MaxKneeLift,868.6879348754883,408.454931974411,979.7123336791992,414.70133543014526,1079.300765991211,416.5829908847809,847.5342750549316,601.1481213569641,781.3240814208984,731.6477394104004,661.7662239074707,827.5825881958008,177.86,71.5,235.72,93.04,111.2,199.29
SarahBrody (11).mp4,526,DragStart,877.0864105224609,383.18578720092773,970.0130081176758,350.1684808731079,1086.570053100586,331.57031178474426,876.5070533752441,593.2787775993347,814.4730377197266,731.1870861053467,704.322338104248,808.8941359519958,169.51,79.06,264.97,109.72,98.62,171.68
SarahBrody (11).mp4,540,CirclePeak,981.9435882568359,405.96134662628174,972.1635818481445,298.99840235710144,1005.5715179443359,202.8443956375122,983.3927536010742,608.8399887084961,942.0787239074707,748.7644600868225,889.1393852233887,785.4433679580688,155.62,87.67,273.21,175.19,107.41,14.49
SarahBrody (11).mp4,546,FootPlant,1020.7741928100586,432.4691891670227,950.7974052429199,366.5939962863922,917.222900390625,276.15132451057434,1033.6151504516602,629.2540884017944,997.9442596435547,764.6843576431274,893.6077308654785,787.6516199111938,153.64,91.33,263.04,137.0,96.11,152.59
SarahBrody (11).mp4,553,ThreeQuarterArmCircle,1070.9880065917969,483.01655530929565,980.5478668212891,493.0140709877014,877.2815322875977,471.170117855072,1093.2924270629883,651.4533805847168,1034.0449905395508,754.6916055679321,905.632495880127,788.246169090271,161.75,92.21,227.55,91.24,90.99,251.12
SarahBrody (11).mp4,559,Connection,1110.5891418457031,479.320707321167,1076.5124130249023,572.009289264679,1030.6610870361328,658.1907892227173,1120.9847259521484,645.2845788002014,1060.7861709594727,752.1150755882263,934.6058464050293,781.6897130012512,172.17,89.23,215.64,23.77,98.75,120.17
SarahBrody (11).mp4,563,Release,1135.1598358154297,479.3441390991211,1127.3612594604492,587.525954246521,1171.1860656738281,665.2137565612793,1133.8460540771484,638.7693214416504,1085.6344985961914,748.7179183959961,965.0121688842773,769.0585684776306,146.45,78.37,219.55,3.65,108.46,17.15
SarahBrody (9).mp4,192,LiftOff,618.9978218078613,456.5094208717346,580.3330421447754,558.7619662284851,652.082347869873,631.9463610649109,569.0144920349121,617.1707582473755,632.3697853088379,732.8220319747925,560.4802894592285,842.1380996704102,114.85,78.86,203.3,3.43,109.32,67.99
SarahBrody (9).mp4,193,LiftOff,629.6746444702148,457.2273087501526,593.496208190918,560.9669995307922,658.582820892334,631.9001412391663,572.9624176025391,613.127167224884,638.3765602111816,734.2267155647278,563.1521987915039,837.3856329917908,118.24,65.42,194.24,0.76,109.87,72.28
SarahBrody (9).mp4,219,MaxKneeLift,765.1888847351074,387.6296818256378,877.8464126586914,402.9091000556946,981.251106262207,398.89569997787476,741.2848663330078,581.2996673583984,686.8234634399414,720.6230878829956,580.5434417724609,817.8247976303101,170.05,68.76,228.83,89.31,113.69,207.28
SarahBrody (9).mp4,225,DragStart,777.0352363586426,360.19020080566406,870.2058792114258,323.15643668174744,987.2839736938477,302.0571184158325,782.244758605957,571.2565112113953,724.8036003112793,710.7377743721008,618.7956619262695,798.4033942222595,168.54,80.29,258.61,110.26,100.26,167.56
SarahBrody (9).mp4,240,CirclePeak,890.9688377380371,385.7327699661255,875.3289413452148,297.8730010986328,891.7560768127441,185.14274954795837,893.5535430908203,573.3517241477966,852.5919342041016,712.0443534851074,793.1200218200684,764.2699241638184,161.62,89.03,257.21,170.7,89.24,36.1
SarahBrody (9).mp4,246,FootPlant,926.5237426757812,403.687949180603,862.877140045166,346.80614948272705,824.3689155578613,261.840945482254,953.503589630127,599.2130041122437,900.0112152099609,721.24596118927,803.9056777954102,767.2609519958496,156.17,93.13,240.79,139.64,85.36,160.26
SarahBrody (9).mp4,253,ThreeQuarterArmCircle,982.1820831298828,449.8500323295593,890.1736450195312,461.1169195175171,798.0840110778809,446.12727642059326,1002.9826354980469,619.7141361236572,934.7803688049316,709.5296859741211,816.2271308898926,756.151328086853,163.77,92.89,212.34,90.0,92.7,234.75
SarahBrody (9).mp4,259,Connection,1024.5174407958984,454.15237069129944,984.6954345703125,544.741780757904,938.7260627746582,615.8782768249512,1027.591209411621,606.2317228317261,968.4746932983398,712.4501609802246,856.0973167419434,746.6521239280701,170.86,87.13,214.31,24.89,98.96,117.45
SarahBrody (9).mp4,263,Release,1049.7154998779297,454.55711603164673,1048.161849975586,555.2635502815247,1084.745750427246,627.6365232467651,1034.322624206543,590.6210088729858,996.9645309448242,711.3619995117188,893.8970947265625,740.0072836875916,152.3,77.69,223.14,5.57,100.72,27.25
SophieUnfricht (3).mp4,425,LiftOff,608.7585067749023,384.43365812301636,579.4818305969238,493.41862320899963,577.602367401123,594.0822172164917,597.6208305358887,561.025128364563,673.4774208068848,658.4619283676147,655.8010482788086,786.8115520477295,166.03,74.96,190.67,11.43,112.85,35.16
SophieUnfricht (4).mp4,356,LiftOff,613.9521217346191,428.41806650161743,580.4963493347168,527.1129083633423,637.796802520752,609.7555017471313,559.8690032958984,592.6548099517822,641.8157958984375,689.394965171814,603.9387130737305,829.2558360099792,126.54,74.3,211.3,0.5,104.21,68.83
SophieUnfricht (4).mp4,396,MaxKneeLift,770.7780075073242,371.60640120506287,874.3775367736816,387.8517687320709,982.1168518066406,369.7694206237793,759.5987319946289,551.9982290267944,719.1297340393066,685.9038877487183,642.1061897277832,791.7624807357788,161.56,58.78,294.39,84.63,104.87,196.17
SophieUnfricht (4).mp4,397,DragStart,786.4946365356445,364.46720838546753,891.27685546875,374.2944896221161,995.2207946777344,344.5125389099121,767.4836540222168,551.0872864723206,727.8740501403809,684.5880389213562,648.5620880126953,787.9767680168152,158.65,54.26,297.42,90.46,105.24,203.25
SophieUnfricht (4).mp4,418,CirclePeak,862.1225738525391,353.20730566978455,862.1233749389648,250.19509434700012,923.2559394836426,169.47680354118347,887.003173828125,553.670060634613,871.2752723693848,693.9632606506348,849.6724319458008,789.5199179649353,142.86,85.6,309.71,172.92,103.01,3.14
SophieUnfricht (4).mp4,426,FootPlant,901.8532562255859,384.46693897247314,834.2132949829102,315.77146768569946,797.4990463256836,226.66048049926758,940.2119636535645,571.6335439682007,905.4094505310059,707.6265621185303,840.6763458251953,785.6619787216187,157.84,96.76,281.47,147.03,96.41,176.7
SophieUnfricht (4).mp4,433,FootPlant,963.9205169677734,425.520122051239,865.4655647277832,440.2755117416382,766.4110565185547,410.23571491241455,993.7441635131836,582.7180624008179,938.5943984985352,700.4973149299622,854.3267440795898,769.0559935569763,154.61,98.5,251.5,92.22,99.55,257.22
SophieUnfricht (4).mp4,441,Connection,1012.4945068359375,433.15881729125977,989.3090057373047,518.7283873558044,964.9162673950195,596.6435551643372,1019.0947723388672,584.3198561668396,982.9609680175781,702.2932577133179,887.5229644775391,737.1102404594421,177.78,89.56,234.65,17.66,88.66,83.55
SophieUnfricht (4).mp4,444,Release,1043.3307266235352,415.3884530067444,1051.692008972168,521.0529935359955,1103.8688278198242,562.2591590881348,1028.9672470092773,575.3628659248352,1007.101936340332,700.1504731178284,914.0946578979492,719.4692659378052,132.82,82.02,239.69,9.66,105.99,56.48
SophieUnfricht (5).mp4,168,LiftOff,576.7608833312988,428.653028011322,544.4362449645996,542.6708364486694,592.2835922241211,636.1393618583679,520.1783180236816,592.2881412506104,621.6491317749023,701.525866985321,580.4643058776855,836.6907906532288,137.06,66.22,218.32,3.25,118.51,58.35
SophieUnfricht (5).mp4,212,MaxKneeLift,749.4451904296875,359.8687219619751,871.0869026184082,370.61586141586304,968.2269287109375,326.24910950660706,753.1391143798828,558.2671308517456,715.0676536560059,699.3491578102112,631.3374137878418,799.7010898590088,150.4,66.02,313.34,83.88,122.12,186.67
SophieUnfricht (5).mp4,213,DragStart,754.6099662780762,353.89052867889404,871.4844703674316,363.4512734413147,974.9813461303711,315.4579710960388,757.5754737854004,564.2133951187134,716.7978286743164,703.2070970535278,640.2523612976074,800.2050018310547,150.45,65.12,322.85,84.52,117.26,188.37
SophieUnfricht (5).mp4,234,CirclePeak,838.8254356384277,362.2572183609009,837.9762840270996,237.91333436965942,900.1301765441895,149.88751530647278,884.7025680541992,560.030951499939,850.250358581543,703.6046648025513,865.4184150695801,806.7399573326111,144.38,90.36,319.41,167.33,124.35,18.8
SophieUnfricht (5).mp4,243,FootPlant,896.136474609375,397.5945281982422,816.7143058776855,334.91445779800415,778.5582733154297,260.66238820552826,937.2498893737793,577.2246623039246,892.5061225891113,706.6347670555115,858.6448287963867,803.0663824081421,155.48,98.01,309.04,141.17,101.18,195.3
SophieUnfricht (5).mp4,251,ThreeQuarterArmCircle,949.7851181030273,437.4822700023651,848.6599731445312,460.2273488044739,749.3171310424805,441.0675251483917,997.1250915527344,601.5551519393921,937.0995140075684,725.9623146057129,856.3273429870605,799.4182348251343,156.41,105.11,258.38,93.42,103.65,279.7
SophieUnfricht (5).mp4,259,Connection,1004.9478149414062,441.77308559417725,984.4087600708008,541.7169570922852,961.0445022583008,622.0032405853271,1024.6372604370117,608.3130955696106,978.7877655029297,728.8503456115723,884.3256568908691,771.6439819335938,175.39,94.24,234.31,18.36,102.03,93.08
SophieUnfricht (5).mp4,262,Release,1025.4540252685547,426.47268176078796,1023.7209320068359,528.1065702438354,1083.6064910888672,606.2780070304871,1025.9441757202148,595.6980443000793,996.8948364257812,726.1788010597229,902.8351020812988,760.7981586456299,141.57,89.0,246.45,1.14,101.65,29.89
TenleyPonikiewicz (2).mp4,367,LiftOff,527.9358100891113,327.76828050613403,435.021915435791,323.92234683036804,344.01180267333984,319.75062131881714,475.2146530151367,498.3120346069336,546.4069175720215,605.5572867393494,459.2042827606201,708.4523391723633,179.75,102.33,223.2,75.19,92.99,145.87
TenleyPonikiewicz (2).mp4,393,MaxKneeLift,669.0693283081055,339.8719525337219,725.1463508605957,407.99826979637146,797.9596710205078,442.6625919342041,653.521614074707,490.908043384552,584.3924903869629,594.8039674758911,487.97515869140625,688.7832927703857,154.92,80.68,244.74,45.34,88.24,117.09
TenleyPonikiewicz (2).mp4,397,DragStart,684.3752861022949,328.8651645183563,751.0690498352051,358.63597869873047,836.7280197143555,366.2867760658264,684.0297889709473,490.6429874897003,602.8165626525879,593.1749439239502,505.4897117614746,681.5771198272705,161.05,91.13,283.04,66.07,73.04,120.86
TenleyPonikiewicz (2).mp4,408,CirclePeak,754.7891807556152,331.5545725822449,744.0978240966797,244.7762382030487,797.4506950378418,174.94413256645203,788.4719467163086,511.7370593547821,687.8133201599121,579.8315763473511,666.3955879211426,685.6028151512146,135.6,101.29,287.37,176.44,87.43,24.63
TenleyPonikiewicz (2).mp4,413,FootPlant,783.3682250976562,336.9342255592346,722.5658226013184,275.7252073287964,735.6321144104004,188.92682075500488,829.5695114135742,512.8560876846313,743.2757377624512,599.2446112632751,729.7076797485352,707.7041959762573,126.63,100.73,278.78,149.91,86.28,127.09
TenleyPonikiewicz (2).mp4,421,ThreeQuarterArmCircle,856.2644004821777,369.3665099143982,781.3930892944336,408.35264325141907,704.2076683044434,368.1087255477905,899.0694236755371,517.6651704311371,836.2612152099609,625.2560091018677,741.8749809265137,700.5941963195801,124.96,103.68,252.94,78.59,84.41,224.44
TenleyPonikiewicz (2).mp4,427,Connection,912.9041862487793,370.16245007514954,894.7208976745605,452.4916434288025,850.685863494873,514.1126811504364,933.046875,511.19014620780945,876.3641166687012,623.7455606460571,786.1991500854492,699.1983318328857,156.9,94.99,239.57,20.58,84.31,111.12
TenleyPonikiewicz (2).mp4,430,Release,942.8359794616699,370.31012177467346,939.9948692321777,455.82436323165894,968.5043334960938,530.6428349018097,939.7469329833984,503.0806267261505,895.9633255004883,615.301365852356,812.805004119873,700.1274919509888,157.24,88.29,244.62,0.57,85.56,5.25
TenleyPonikiewicz (3).mp4,311,LiftOff,521.579418182373,330.0940775871277,430.929536819458,325.88524103164673,344.45079803466797,320.50636053085327,477.14924812316895,496.1272466182709,548.7553596496582,604.7976851463318,458.35238456726074,703.8269448280334,179.1,103.14,230.59,77.68,90.75,143.75
TenleyPonikiewicz (3).mp4,336,MaxKneeLift,648.4677314758301,335.39706230163574,709.3052101135254,401.40560388565063,782.4135589599609,445.30088782310486,636.6097640991211,489.7569251060486,584.2717552185059,603.3883666992188,482.56359100341797,689.1833066940308,163.65,79.11,234.43,47.06,89.77,118.23
TenleyPonikiewicz (3).mp4,341,DragStart,675.5088043212891,328.56335163116455,755.4196929931641,355.0988745689392,842.8274917602539,363.02740931510925,679.8477745056152,491.7844820022583,614.9986839294434,596.1783957481384,514.2014694213867,686.2492489814758,166.81,86.71,263.41,70.11,84.2,131.32
TenleyPonikiewicz (3).mp4,353,CirclePeak,753.2890892028809,330.56766986846924,748.3894729614258,245.9933066368103,805.166072845459,175.5853521823883,787.4335670471191,511.2901496887207,703.8046073913574,587.6090598106384,698.6433792114258,692.8201246261597,137.8,96.38,283.06,172.62,84.72,14.62
TenleyPonikiewicz (3).mp4,359,FootPlant,791.7581748962402,340.0738263130188,722.7119636535645,293.58089804649353,724.6650123596191,208.6846375465393,837.6169967651367,514.2454183101654,777.4942588806152,613.3998513221741,737.1950340270996,706.3348531723022,122.64,98.33,277.31,138.71,83.24,145.14
TenleyPonikiewicz (3).mp4,366,ThreeQuarterArmCircle,853.0808258056641,369.2196750640869,780.4192543029785,408.0815362930298,704.2441177368164,367.92291283607483,899.4476509094238,520.7182538509369,848.0644798278809,633.0617523193359,744.122200012207,700.2322912216187,124.06,100.36,248.26,78.88,82.4,224.19
TenleyPonikiewicz (3).mp4,372,Connection,914.9210357666016,384.5069146156311,892.9297256469727,467.70472526550293,841.7116355895996,528.0625069141388,935.9935569763184,524.9105787277222,884.1436386108398,631.3935899734497,782.2001266479492,695.6818914413452,154.49,94.47,223.52,23.34,86.06,118.97
TenleyPonikiewicz (3).mp4,376,Release,959.3589019775391,389.8962879180908,960.5884552001953,477.5713062286377,1004.6946716308594,543.0968570709229,944.1124534606934,520.8087301254272,901.5639495849609,629.4459843635559,806.8951034545898,688.1378245353699,146.86,79.47,225.8,7.45,87.68,38.99
TenleyPonikiewicz (4).mp4,240,LiftOff,515.877857208252,318.33293437957764,426.40880584716797,318.1314468383789,342.65344619750977,318.7300515174866,483.70983123779297,493.83015990257263,534.1555023193359,610.3618955612183,459.0230941772461,710.8452129364014,179.46,110.45,225.82,79.74,89.47,150.17
TenleyPonikiewicz (4).mp4,265,MaxKneeLift,649.6320533752441,323.24897289276123,700.3008270263672,393.6480116844177,764.43603515625,442.99572229385376,638.9276504516602,476.17138624191284,576.9894218444824,590.9529805183411,482.0942687988281,691.0440731048584,163.32,82.89,243.26,39.75,86.74,99.73
TenleyPonikiewicz (4).mp4,269,DragStart,664.8060035705566,317.30863094329834,757.8085899353027,361.8022298812866,837.3695755004883,375.3893458843231,665.0031280517578,482.5273525714874,596.6518592834473,588.9451217651367,506.220760345459,684.5830821990967,164.12,85.61,271.51,64.36,103.1,139.72
TenleyPonikiewicz (4).mp4,283,CirclePeak,744.2086029052734,329.1243624687195,734.0267372131348,239.50064420700073,779.0249061584473,168.29227566719055,786.1570930480957,507.3134422302246,696.1713409423828,593.9707231521606,696.7481803894043,701.7139649391174,141.23,99.35,279.28,173.23,90.2,42.65
TenleyPonikiewicz (4).mp4,287,FootPlant,767.3032379150391,333.6506223678589,717.7107810974121,268.5020077228546,726.2009811401367,182.28349328041077,817.8372573852539,508.9996933937073,742.9162216186523,609.1673898696899,702.312183380127,702.1265316009521,137.1,100.18,276.58,158.8,81.88,125.03
TenleyPonikiewicz (4).mp4,296,ThreeQuarterArmCircle,843.0685615539551,362.0959961414337,767.9813575744629,398.4133207798004,680.8184623718262,365.4423952102661,890.4238128662109,513.4537267684937,833.8446807861328,618.0677962303162,733.135814666748,696.7370295524597,133.47,98.96,253.63,81.56,83.41,238.94
TenleyPonikiewicz (4).mp4,303,Connection,906.0285758972168,367.6290822029114,892.7736282348633,457.3995065689087,872.1376419067383,534.4602191448212,926.634635925293,504.9644708633423,880.5854988098145,617.1533131599426,789.4532203674316,690.749180316925,173.41,93.01,239.5,16.93,90.74,82.34
TenleyPonikiewicz (4).mp4,306,Release,929.7585868835449,368.9530420303345,940.2124214172363,457.8940522670746,989.4968032836914,520.6666910648346,929.9431228637695,497.3183083534241,897.2815704345703,616.4854431152344,814.7234916687012,689.8831701278687,148.57,84.85,245.59,6.62,89.55,33.63
TheresaCusano (3).mp4,276,LiftOff,565.4180717468262,381.1702358722687,451.47937774658203,386.0787105560303,348.9752197265625,383.09366941452026,518.7317848205566,564.3010711669922,617.8921508789062,684.2031526565552,554.2510986328125,821.9568371772766,175.87,95.85,233.24,73.23,114.04,183.24
TheresaCusano (3).mp4,304,MaxKneeLift,690.1197052001953,374.24344182014465,766.490535736084,470.5464720726013,868.7413787841797,499.27621364593506,673.9062881469727,561.3954663276672,672.1314239501953,702.5937509536743,575.2887153625488,808.0618572235107,144.11,76.5,299.64,43.37,122.91,159.77
TheresaCusano (3).mp4,314,DragStart,743.510799407959,351.1273169517517,811.296558380127,345.9199905395508,915.8394813537598,290.518319606781,767.1554374694824,552.4990510940552,713.4673118591309,689.3963170051575,609.378719329834,792.2127056121826,156.47,90.07,337.62,87.7,67.99,109.7
TheresaCusano (3).mp4,322,CirclePeak,789.7891044616699,346.3951599597931,780.2389526367188,262.91265964508057,862.0779418945312,172.3698878288269,831.7589378356934,555.6183743476868,777.2054100036621,674.3099212646484,701.8592262268066,771.2752532958984,131.36,95.2,345.68,175.18,84.03,9.28
TheresaCusano (3).mp4,330,FootPlant,854.2609405517578,364.92238998413086,766.4667892456055,301.83454871177673,731.0857772827148,197.8567099571228,900.8195114135742,572.8161406517029,852.6841163635254,702.5605344772339,764.6450042724609,792.3929500579834,144.49,96.45,335.11,138.32,108.11,209.05
TheresaCusano (3).mp4,338,ThreeQuarterArmCircle,926.2076568603516,381.50861263275146,819.547061920166,396.53687953948975,705.750617980957,396.33140087127686,965.6455993652344,579.3836045265198,917.6676177978516,716.1892032623291,794.4345474243164,797.1558451652527,171.88,93.34,294.24,93.25,107.71,296.34
TheresaCusano (3).mp4,347,Connection,984.0739059448242,400.27363657951355,956.7695045471191,499.08315896987915,945.6977462768555,602.7080082893372,1001.9263458251953,561.5051579475403,1000.8723449707031,702.4021768569946,886.8943405151367,764.3098998069763,170.65,91.7,283.89,21.77,102.51,91.25
TheresaCusano (3).mp4,350,Release,996.2503051757812,407.4840259552002,980.0189208984375,516.1773812770844,1038.6486053466797,606.112117767334,1011.6509628295898,564.2129445075989,1027.4126815795898,701.8502426147461,922.6654815673828,746.1653351783752,138.41,88.59,275.92,14.11,109.9,6.27
TheresaCusano (4).mp4,88,LiftOff,575.8426666259766,421.38943433761597,449.9612617492676,436.9460105895996,335.7836723327637,446.40140891075134,518.1350326538086,609.219081401825,621.5831565856934,728.946647644043,551.4737892150879,869.2789220809937,177.69,87.39,262.64,65.88,126.84,178.78
TheresaCusano (4).mp4,122,MaxKneeLift,696.0898017883301,406.40249490737915,797.2090530395508,460.5632472038269,907.4577140808105,445.6683611869812,701.8069267272949,602.6057839393616,686.5125274658203,754.1537690162659,579.1413688659668,856.0160851478577,144.13,78.91,346.24,60.16,114.71,167.68
TheresaCusano (4).mp4,126,DragStart,721.7237091064453,399.8069643974304,805.5210113525391,419.30172085762024,915.0690078735352,348.94709944725037,741.654167175293,600.9918880462646,713.9734840393066,745.0683546066284,609.7876739501953,843.3016419410706,134.19,84.51,350.83,71.25,86.04,134.64
TheresaCusano (4).mp4,135,CirclePeak,780.7451248168945,395.3074836730957,768.9211463928223,298.100688457489,835.4226493835449,196.16163969039917,823.1656265258789,605.3078413009644,764.860782623291,740.185661315918,718.6629295349121,842.3573541641235,139.95,95.45,349.05,175.52,97.92,28.5
TheresaCusano (4).mp4,140,FootPlant,815.3025054931641,398.2513904571533,740.6920623779297,323.13316583633423,741.9974899291992,201.68288111686707,862.5611686706543,614.0778923034668,809.6482086181641,747.0327615737915,753.0600357055664,863.3476567268372,134.58,96.01,347.16,147.55,105.87,161.98
TheresaCusano (4).mp4,149,ThreeQuarterArmCircle,893.9322280883789,420.51470160484314,777.1259307861328,429.326434135437,669.4595146179199,429.0240740776062,936.013355255127,622.4105930328369,902.6724243164062,767.1553158760071,784.4230270385742,861.6938495635986,175.52,92.22,299.62,97.46,117.14,303.57
TheresaCusano (4).mp4,158,Connection,947.449779510498,448.8453948497772,916.4473342895508,555.5100345611572,892.1288108825684,659.0409636497498,968.1677627563477,607.8028106689453,977.5337219238281,758.9972591400146,860.4796028137207,818.95583152771,177.01,93.92,295.32,23.63,111.08,111.29
TheresaCusano (4).mp4,161,Release,963.1584548950195,462.54812479019165,955.290584564209,571.1518406867981,1006.8743133544922,665.209379196167,973.3018112182617,604.0145874023438,1002.1918487548828,747.7510356903076,897.3102951049805,795.7486510276794,147.11,88.66,294.69,8.24,108.89,0.87
TheresaCusano (5).mp4,200,LiftOff,506.95838928222656,387.59881496429443,391.67707443237305,411.157021522522,271.1620903015137,433.6159300804138,458.0500888824463,581.5008330345154,563.9900779724121,697.3552680015564,506.4046096801758,834.3678903579712,179.01,89.01,249.68,64.29,117.66,197.1
TheresaCusano (5).mp4,233,MaxKneeLift,653.5074806213379,368.46445083618164,760.3006553649902,430.852267742157,860.1108169555664,436.27949237823486,659.8213577270508,569.6512413024902,637.877254486084,718.2163095474243,529.4854545593262,823.2596826553345,152.82,78.79,337.07,57.91,123.68,163.7
TheresaCusano (5).mp4,239,DragStart,677.1823883056641,360.33156394958496,774.1817665100098,359.68416452407837,881.3495635986328,290.4084348678589,714.3896484375,558.6189937591553,665.383472442627,705.4926609992981,551.6384124755859,811.3872385025024,147.5,91.37,354.47,79.75,97.0,125.79
TheresaCusano (5).mp4,248,CirclePeak,733.0953598022461,358.3814477920532,724.9690818786621,271.91162109375,794.8919105529785,170.05950808525085,786.5855026245117,566.5686106681824,725.0853538513184,690.2226734161377,660.0162506103516,796.2942123413086,140.16,94.92,356.92,170.96,86.85,32.9
TheresaCusano (5).mp4,252,FootPlant,757.3385238647461,369.0940189361572,697.5999069213867,274.7107207775116,738.4508514404297,154.7081208229065,813.6516952514648,572.6963424682617,768.2266616821289,698.4994339942932,694.932804107666,815.6726145744324,128.87,96.73,353.46,163.13,111.7,118.88
TheresaCusano (5).mp4,262,ThreeQuarterArmCircle,845.6199073791504,383.0612254142761,734.5262718200684,391.17270827293396,620.6918334960938,381.7716407775879,899.7627067565918,577.5574064254761,862.5128746032715,721.7489719390869,735.3515625,814.8716855049133,171.1,94.75,298.46,101.38,111.39,318.2
TheresaCusano (5).mp4,270,Connection,894.8903846740723,402.8717637062073,870.7607460021973,501.7482662200928,826.2637710571289,586.6692137718201,927.7834510803223,551.3375687599182,931.7226791381836,707.9846692085266,816.6620635986328,776.3703775405884,166.06,99.77,300.47,26.21,101.78,137.1
TheresaCusano (5).mp4,274,Release,923.7248611450195,402.01862812042236,917.5825881958008,511.25754475593567,968.5588073730469,603.4185576438904,933.3568954467773,550.0597643852234,959.0348625183105,697.7519989013672,857.7851486206055,743.9909434318542,147.83,88.94,295.59,6.94,109.41,0.26
