Frame,Left_Shoulder_X,Left_Shoulder_Y,Right_Shoulder_X,Right_Shoulder_Y,Right_Knee_X,Right_Knee_Y,Right_Foot_Index_X,Right_Foot_Index_Y,Hip_X,Hip_Y,Ankle_X,Ankle_Y,Elbow_X,Elbow_Y,Wrist_X,Wrist_Y
1,328.3027648925781,231.9887638092041,288.0326461791992,211.05041027069092,299.05208587646484,420.65423011779785,343.1593322753906,572.973747253418,243.5263442993164,333.6136722564697,263.9927291870117,533.9033603668213,236.77831649780273,271.5349531173706,277.9326820373535,338.90045642852783
2,328.85303497314453,231.98859214782715,288.4877395629883,211.53226375579834,302.3509216308594,429.69507694244385,349.6814727783203,572.982931137085,244.51101303100586,333.6061191558838,252.55359649658203,531.1949300765991,238.25872421264648,272.55794763565063,279.4095802307129,340.3085732460022
3,330.4542541503906,232.53396034240723,291.728515625,212.5602149963379,303.2386779785156,431.6245937347412,352.1763229370117,572.3587703704834,245.1359748840332,333.4444570541382,247.8316879272461,529.386305809021,243.9813232421875,275.837881565094,283.2168960571289,345.3453755378723
4,332.20775604248047,232.08714723587036,294.334659576416,216.24398231506348,303.1145668029785,434.96546745300293,353.2643127441406,572.2425985336304,246.19684219360352,333.7472891807556,246.39825820922852,528.6046886444092,249.76932525634766,284.20191049575806,290.7350730895996,352.54491806030273
5,334.4329071044922,229.05245304107666,294.8860168457031,219.05395030975342,302.9173278808594,435.34440994262695,352.33768463134766,571.3931751251221,246.8169403076172,334.03018712997437,244.76808547973633,526.4450597763062,252.28717803955078,289.41601753234863,296.8828773498535,356.78139209747314
6,337.9413604736328,228.75258207321167,298.02886962890625,221.7559003829956,304.06421661376953,434.2660331726074,352.0153045654297,570.2869892120361,247.8005599975586,335.0736951828003,243.61276626586914,522.2829151153564,255.80047607421875,292.52257347106934,302.7773666381836,362.02770709991455
7,338.2479476928711,227.68802404403687,300.71605682373047,223.27383756637573,305.9462356567383,434.08570289611816,352.58190155029297,570.3453969955444,249.09334182739258,335.28069734573364,242.01740264892578,518.8769388198853,260.2077865600586,294.5550870895386,306.45137786865234,364.6648979187012
8,340.4518508911133,227.8726887702942,302.8680992126465,225.8574914932251,307.8627395629883,434.3018674850464,352.25345611572266,570.2099561691284,250.13748168945312,335.3276467323303,240.06811141967773,518.2710599899292,267.80139923095703,298.2953095436096,311.766300201416,369.6928596496582
9,341.5241241455078,228.00418138504028,304.36527252197266,228.22734117507935,309.23511505126953,434.834361076355,351.7908477783203,570.1898288726807,251.56183242797852,335.9103298187256,235.2011489868164,518.9228582382202,272.7883529663086,302.65780448913574,314.35977935791016,371.9336414337158
10,341.64573669433594,229.59316492080688,305.38015365600586,229.48302268981934,309.5298194885254,435.4128170013428,351.60972595214844,570.2169942855835,251.56742095947266,335.89505195617676,231.41883850097656,517.744402885437,276.600341796875,305.9159588813782,317.13735580444336,375.72340965270996
11,342.4976348876953,230.89824199676514,307.15526580810547,234.55696821212769,309.76314544677734,435.9304618835449,351.6706848144531,570.3660821914673,251.45090103149414,337.8790283203125,226.8543243408203,516.2276458740234,279.9195861816406,310.73331356048584,323.187255859375,380.4095935821533
12,343.90830993652344,234.34097528457642,307.8474998474121,238.75299453735352,309.90421295166016,436.4954423904419,351.64947509765625,573.1937313079834,252.22618103027344,339.1747713088989,221.33550643920898,516.9166088104248,282.1902084350586,314.8677134513855,326.1697006225586,382.72011280059814
13,346.2762451171875,238.43383312225342,308.4316635131836,239.64277982711792,310.1906204223633,436.68023586273193,350.6324005126953,574.1891956329346,252.0805549621582,339.0492868423462,216.90956115722656,516.2167882919312,284.76505279541016,316.85662508010864,329.31640625,384.86939907073975
14,348.5521697998047,242.75824069976807,308.51221084594727,242.08964109420776,310.3573226928711,436.47419929504395,349.4552993774414,575.1118755340576,251.470947265625,339.4898772239685,213.1656265258789,515.7460498809814,287.92016983032227,320.35094261169434,332.67223358154297,385.8038806915283
15,348.21990966796875,246.42404794692993,309.18338775634766,245.2646255493164,311.633243560791,436.68920516967773,349.49092864990234,575.015058517456,250.2187156677246,341.3285422325134,210.72254180908203,514.5461368560791,291.6644859313965,325.04019498825073,335.1152038574219,388.91528606414795
16,348.22643280029297,249.67773914337158,310.2903747558594,248.10124397277832,312.4289321899414,436.6564178466797,349.3001174926758,574.883222579956,248.9820098876953,344.5532011985779,207.05852508544922,513.6676597595215,296.1196517944336,328.28015327453613,339.6393585205078,393.7297010421753
17,347.89268493652344,252.51774787902832,311.09989166259766,250.91912984848022,312.36658096313477,436.79816722869873,348.12599182128906,575.167236328125,247.3933219909668,346.1529779434204,204.81128692626953,512.9231643676758,298.93503189086914,331.49444818496704,343.7137985229492,397.57676124572754
18,348.05553436279297,256.18037939071655,314.0077209472656,253.19295644760132,312.70959854125977,440.069260597229,346.4146041870117,576.9655609130859,247.2115707397461,348.79143476486206,203.21311950683594,512.8003406524658,302.4985122680664,333.9174270629883,346.1411666870117,398.5105562210083
19,348.86756896972656,260.8858108520508,315.76770782470703,254.66718435287476,312.75726318359375,441.13948345184326,345.49854278564453,577.0043992996216,246.9551658630371,349.89431619644165,201.66797637939453,512.8550577163696,304.7929000854492,336.25277280807495,347.0376205444336,401.0421323776245
20,350.386962890625,262.57025957107544,318.6478614807129,256.2611675262451,312.8230667114258,441.8850517272949,345.2388381958008,578.2343101501465,246.80103302001953,350.17691373825073,201.58418655395508,512.9538488388062,306.96447372436523,338.07976484298706,346.91822052001953,402.1322250366211
21,351.5591049194336,265.3042244911194,321.3593292236328,259.55554246902466,314.35766220092773,442.87360668182373,345.3620910644531,578.3798360824585,246.82611465454102,353.04883003234863,202.08629608154297,513.0544424057007,308.4690856933594,340.11245012283325,349.34288024902344,402.50850677490234
22,352.74803161621094,268.04696559906006,322.38380432128906,263.22383880615234,312.0872497558594,443.3067512512207,334.2537307739258,578.2031965255737,245.91882705688477,352.95557498931885,202.64827728271484,513.598952293396,310.7185935974121,344.8779630661011,352.1192169189453,406.4266777038574
23,353.746337890625,270.8770823478699,321.89945220947266,265.65027236938477,311.02848052978516,444.4421625137329,328.7723159790039,577.7815532684326,245.77545166015625,353.7898921966553,203.1833267211914,515.5100154876709,312.1359634399414,348.469934463501,352.92152404785156,409.91093158721924
24,353.80653381347656,272.85730361938477,322.33306884765625,268.3124613761902,305.510311126709,443.2001066207886,308.18485260009766,576.8695163726807,245.50106048583984,354.7878670692444,203.8674545288086,517.4894857406616,313.3663558959961,351.5174174308777,356.0255813598633,412.52546310424805
25,353.49143981933594,275.60845613479614,322.3812484741211,270.88231801986694,302.4538230895996,443.0745792388916,302.82501220703125,573.8886594772339,245.02483367919922,356.49978160858154,204.23503875732422,519.8185014724731,314.06402587890625,355.0714945793152,357.6072311401367,416.33548736572266
26,353.27537536621094,277.5332307815552,323.15113067626953,273.37241649627686,294.649715423584,443.20444107055664,283.330078125,569.3979978561401,244.8332977294922,358.7012314796448,247.44714736938477,538.0355930328369,314.8427391052246,357.6810908317566,357.66422271728516,418.82054328918457
27,353.2460021972656,279.1378140449524,323.6289978027344,275.74546337127686,294.07283782958984,443.4253263473511,282.7561569213867,568.7146139144897,244.57542419433594,360.32551288604736,230.44206619262695,532.2999143600464,316.29785537719727,359.0622568130493,357.5873565673828,418.92255306243896
28,353.24073791503906,280.81226348876953,323.62342834472656,278.519446849823,281.9442367553711,445.6395435333252,235.1761245727539,565.1107978820801,244.10602569580078,361.3718318939209,302.2312355041504,550.3417825698853,317.3152542114258,361.9160842895508,357.67330169677734,420.47450065612793
29,353.1629180908203,281.78871631622314,324.0282440185547,280.977144241333,287.86407470703125,445.6206178665161,242.63221740722656,565.4176425933838,244.2125129699707,363.2817792892456,262.456111907959,548.6073160171509,316.9222640991211,363.2118272781372,357.0999526977539,422.6089382171631
30,353.09925079345703,282.5675439834595,323.88084411621094,282.7529811859131,281.20901107788086,447.15145111083984,234.4637107849121,565.8571815490723,243.73580932617188,363.7962055206299,281.2630081176758,547.8618764877319,317.19898223876953,365.8107376098633,356.5808868408203,426.0304069519043
31,353.39317321777344,284.62981939315796,323.7016296386719,284.5911955833435,278.3614158630371,449.23649311065674,232.48476028442383,565.5792188644409,243.4390640258789,364.79995250701904,290.0053024291992,550.681414604187,316.65735244750977,367.28106021881104,356.24603271484375,427.30778217315674
32,353.67225646972656,286.39166593551636,323.41392517089844,285.2016878128052,276.9040870666504,449.11452770233154,232.39017486572266,565.3360605239868,242.79546737670898,365.378794670105,290.2951431274414,551.7379903793335,316.1930847167969,368.0358123779297,356.01463317871094,428.52795124053955
33,353.6956787109375,287.54340648651123,323.31886291503906,285.39560079574585,276.15543365478516,450.50610065460205,232.00157165527344,565.2207469940186,242.37369537353516,366.464467048645,295.21671295166016,552.9132270812988,315.8988952636719,368.56032371520996,355.8075714111328,429.4279718399048
34,353.6361312866211,288.4721374511719,323.23974609375,287.6561236381531,274.218692779541,450.2404546737671,231.8515396118164,564.6699714660645,241.85773849487305,367.8357410430908,288.26465606689453,551.9914054870605,315.7615089416504,370.28144359588623,355.57403564453125,431.2259101867676
35,353.38443756103516,289.3405508995056,323.2233428955078,289.1067910194397,276.7552185058594,449.98124599456787,236.26081466674805,564.87952709198,241.69755935668945,369.9430990219116,279.60071563720703,552.0177555084229,315.72322845458984,371.0628032684326,354.3238067626953,431.8252658843994
36,353.1565475463867,289.75614309310913,323.1591033935547,289.98003244400024,299.9180603027344,449.70860481262207,337.2356414794922,572.7512741088867,241.51880264282227,370.69836616516113,207.91584014892578,535.777473449707,315.4759216308594,371.3166046142578,354.1533660888672,432.1771717071533
37,352.3490524291992,290.14336824417114,322.8258514404297,290.08519649505615,301.84253692626953,447.702054977417,320.09063720703125,572.1643209457397,241.20538711547852,370.8035945892334,203.1099510192871,531.815915107727,314.4594383239746,372.2180414199829,354.114990234375,431.76140785217285
38,351.444091796875,290.8195209503174,322.31563568115234,290.29447317123413,308.79405975341797,447.6707696914673,347.71888732910156,572.7989959716797,240.79524993896484,371.13794803619385,201.9950294494629,530.9644317626953,313.08923721313477,372.74778842926025,353.34228515625,431.91646099090576
39,350.67481994628906,291.0677433013916,321.72176361083984,290.0032711029053,310.80509185791016,447.504301071167,349.8988342285156,572.9945611953735,240.20172119140625,371.32201194763184,202.66441345214844,530.4182052612305,312.40896224975586,372.36682891845703,353.04080963134766,432.0325469970703
40,349.67403411865234,291.106538772583,321.0087203979492,289.95898246765137,309.360408782959,448.4035921096802,324.07005310058594,572.5408172607422,239.71599578857422,371.6612148284912,203.2164192199707,530.1319169998169,312.05224990844727,372.6705837249756,352.93704986572266,432.637996673584
41,348.91151428222656,291.60051584243774,320.55553436279297,289.98284339904785,309.64284896850586,448.5871410369873,342.10899353027344,573.47336769104,238.94031524658203,372.07054138183594,202.8211212158203,530.2398061752319,311.54571533203125,372.7077054977417,352.8931427001953,432.6441764831543
42,347.8765106201172,291.2930703163147,320.0825500488281,290.02498626708984,312.6362991333008,448.28171253204346,349.3693542480469,574.0683460235596,238.6341094970703,372.1466302871704,202.20535278320312,530.5796098709106,311.02136611938477,372.6221752166748,352.8940963745117,432.40007400512695
43,347.92633056640625,291.582190990448,318.39916229248047,290.09732007980347,313.8326072692871,446.02668285369873,352.0549774169922,574.0563297271729,237.66551971435547,372.1995449066162,201.9563865661621,530.756721496582,310.7094192504883,372.5639820098877,352.94750213623047,432.43371963500977
44,347.68726348876953,291.93519115448,317.3500061035156,290.1579809188843,312.32845306396484,443.45240592956543,352.69901275634766,574.2965698242188,236.86344146728516,372.13783264160156,202.33537673950195,530.6904172897339,310.588436126709,372.4988794326782,352.9203796386719,432.57370948791504
45,346.82655334472656,291.8992280960083,316.6070556640625,290.2331471443176,311.32076263427734,443.58381271362305,351.82254791259766,574.1396284103394,236.36541366577148,372.22267627716064,201.82790756225586,530.913577079773,310.4109764099121,372.71852016448975,352.8789520263672,432.6428031921387
46,345.4058074951172,291.8239974975586,315.60110092163086,290.1908540725708,310.39134979248047,443.68852615356445,353.8785934448242,573.9501142501831,235.59017181396484,372.17280864715576,201.0550880432129,531.0657978057861,309.84439849853516,372.7672290802002,352.7034378051758,433.0274534225464
47,345.1620101928711,292.3466205596924,314.45281982421875,290.1381540298462,304.0229797363281,443.8382148742676,351.7818832397461,573.9644050598145,234.36670303344727,372.145299911499,201.0251235961914,531.1547183990479,309.5741271972656,372.70899295806885,352.41783142089844,432.9560422897339
48,344.5360565185547,292.2993493080139,313.17419052124023,290.0780940055847,299.7064781188965,443.8041830062866,350.17810821533203,573.9141082763672,232.78316497802734,372.1108388900757,200.73719024658203,531.2114095687866,309.5595169067383,372.67963886260986,352.4039840698242,432.7011251449585
49,343.3747100830078,292.24400997161865,311.6530990600586,289.91881370544434,298.6556053161621,443.8317346572876,350.84178924560547,573.8946676254272,232.19120025634766,372.08096981048584,201.15371704101562,531.1210298538208,309.5648193359375,372.65217304229736,352.66117095947266,432.02113151550293
50,342.9327392578125,292.2001075744629,310.2952003479004,288.8711643218994,298.63525390625,443.87057304382324,351.558837890625,573.9648342132568,231.5499496459961,371.95106506347656,201.0703468322754,531.0618925094604,309.3033790588379,372.5652265548706,352.6492691040039,431.4755058288574
51,342.9133987426758,291.65667057037354,309.08884048461914,287.4885606765747,298.155460357666,443.6747932434082,352.63240814208984,574.1044807434082,231.28820419311523,371.1582899093628,200.98928451538086,530.9423732757568,309.0775680541992,372.0211887359619,352.42748260498047,430.9159326553345
52,342.73876190185547,290.6020259857178,308.3183288574219,286.3465189933777,291.16466522216797,443.6495590209961,351.5277862548828,574.1521596908569,230.76309204101562,369.791522026062,201.26977920532227,530.8289909362793,309.0279197692871,371.4089584350586,352.36133575439453,430.50493240356445
53,342.4480438232422,290.2099084854126,307.3909378051758,285.0341463088989,290.51692962646484,443.4877681732178,351.0521697998047,574.1855478286743,230.29836654663086,368.4469413757324,201.30971908569336,530.8113956451416,309.0504455566406,370.3598928451538,352.3758316040039,430.20963191986084
54,341.9185256958008,289.7533965110779,305.969295501709,284.97597455978394,284.805965423584,443.70625019073486,346.2162399291992,574.6927642822266,229.53657150268555,367.88814067840576,201.37752532958984,530.8416080474854,309.10314559936523,370.18415451049805,352.69962310791016,430.19104957580566
55,341.84017181396484,289.8041009902954,305.3117370605469,284.38719749450684,283.44547271728516,443.60209465026855,314.72991943359375,574.4324398040771,229.06383514404297,367.4610471725464,201.3379669189453,530.8542680740356,309.0884017944336,369.2305326461792,352.7013397216797,428.45405101776123
56,341.65985107421875,289.485604763031,304.53100204467773,283.1216025352478,281.07025146484375,443.5832118988037,307.6637649536133,574.3204307556152,228.37053298950195,366.1981773376465,201.2316131591797,530.8996725082397,309.09109115600586,368.4066867828369,352.50064849853516,427.53355979919434
57,341.055908203125,287.70015478134155,304.1154098510742,282.1227478981018,282.9443359375,443.08024406433105,340.77354431152344,574.269061088562,228.01191329956055,365.2440404891968,200.5986213684082,531.2153148651123,309.1432762145996,367.6754951477051,352.71644592285156,426.53449058532715
58,340.4509735107422,286.5658164024353,303.7735366821289,281.4348793029785,287.84786224365234,443.12453269958496,351.2415313720703,573.7048530578613,227.8119659423828,364.70390796661377,200.15430450439453,531.5941286087036,309.37108993530273,367.25968837738037,353.0976104736328,425.35243034362793
59,340.03814697265625,284.9389386177063,303.3116149902344,279.453284740448,289.3044662475586,439.8452425003052,354.6666717529297,573.2830810546875,227.32114791870117,362.9054117202759,200.14110565185547,531.5970039367676,309.3701171875,365.0496768951416,353.4132766723633,423.5322618484497
60,339.7959518432617,283.39372873306274,303.1258773803711,278.0417776107788,285.3193664550781,438.05150985717773,353.90052795410156,573.0028009414673,226.6636085510254,361.864070892334,200.01972198486328,531.6000509262085,309.75122451782227,363.6068630218506,354.68109130859375,423.03993701934814
61,339.79976654052734,281.0720729827881,302.9659080505371,276.47324323654175,278.27219009399414,437.96396255493164,352.4016571044922,572.6772022247314,226.43749237060547,360.6874179840088,199.1033172607422,531.6818046569824,310.9730529785156,363.2898473739624,356.24847412109375,423.00337314605713
62,339.49119567871094,279.9601364135742,303.14075469970703,275.5442547798157,289.15409088134766,438.1688404083252,353.09329986572266,572.6346302032471,226.55366897583008,359.7673559188843,197.48464584350586,532.2060585021973,311.25158309936523,361.27415657043457,356.11656188964844,420.97270488739014
63,339.43336486816406,276.85330152511597,303.3428382873535,274.1640329360962,294.67981338500977,438.19446086883545,354.35462951660156,572.5692272186279,226.69706344604492,358.19952964782715,196.10248565673828,532.91184425354,311.44811630249023,358.86184215545654,356.00990295410156,420.4371213912964
64,339.7058868408203,275.55118560791016,304.4637680053711,272.42624044418335,295.62097549438477,435.2463912963867,354.37999725341797,572.564206123352,227.31317520141602,356.2255311012268,195.70880889892578,533.56849193573,311.6708755493164,357.68967390060425,355.6907653808594,420.79919815063477
65,340.11035919189453,275.54500579833984,305.64273834228516,271.64945125579834,295.297908782959,434.47829246520996,354.46563720703125,572.0169067382812,227.96489715576172,355.1915502548218,195.3462028503418,534.416971206665,312.02362060546875,358.0690884590149,354.4989776611328,421.57261848449707
66,340.6909942626953,275.5321741104126,307.19823837280273,271.51907444000244,294.82425689697266,434.6157503128052,353.6729049682617,570.8908081054688,228.8015365600586,355.2585196495056,195.09201049804688,534.5780754089355,312.0066261291504,358.5098934173584,352.3736572265625,423.3970785140991
67,341.41841888427734,275.476770401001,310.0531005859375,271.3404178619385,289.998779296875,434.3997573852539,353.2500457763672,570.3889560699463,230.2449607849121,355.1328206062317,195.00476837158203,534.5305681228638,311.8948745727539,358.11412811279297,349.2901611328125,423.4248876571655
68,341.84139251708984,275.3755760192871,311.71077728271484,271.5306615829468,286.09949111938477,434.8929834365845,352.82344818115234,568.6795520782471,231.09943389892578,354.8699426651001,195.0098419189453,534.1550159454346,311.08089447021484,358.2156443595886,345.22560119628906,424.92881298065186
69,343.13541412353516,274.542031288147,314.50817108154297,272.4199318885803,268.43027114868164,442.7627992630005,271.81570053100586,567.8284978866577,231.9808578491211,354.60564851760864,255.17547607421875,546.1689949035645,308.5658264160156,358.1274104118347,335.34339904785156,428.67897033691406
70,344.75074768066406,274.810209274292,317.0042419433594,273.3245015144348,281.00719451904297,442.3565196990967,331.05716705322266,567.9249286651611,234.07878875732422,354.6337580680847,216.8178939819336,540.1659536361694,305.69087982177734,358.2285189628601,329.54734802246094,431.4507865905762
71,347.16880798339844,275.22301197052,320.54710388183594,276.0981845855713,281.6609191894531,443.4707736968994,333.5572052001953,568.0789947509766,237.63690948486328,354.7939395904541,205.74169158935547,536.4036083221436,303.8446044921875,358.5249996185303,323.7262725830078,432.78257846832275
72,349.9811553955078,276.1421513557434,324.0867233276367,276.6575217247009,282.26282119750977,449.1968822479248,262.18746185302734,567.6562356948853,238.7704849243164,354.00197982788086,274.79766845703125,554.8374223709106,302.1744155883789,358.2443332672119,315.38965225219727,432.05387592315674
73,351.54102325439453,280.78099966049194,324.51732635498047,279.3799424171448,281.5965270996094,457.06438064575195,231.7702293395996,567.1393632888794,240.5954360961914,354.247305393219,310.20519256591797,551.8892669677734,297.47798919677734,359.04268741607666,306.61121368408203,436.68036460876465
74,352.43934631347656,285.44278621673584,325.74329376220703,285.43392419815063,280.3278160095215,463.49957942962646,231.4626121520996,567.0474815368652,243.22704315185547,358.4213590621948,312.769718170166,551.4855194091797,292.2940444946289,359.13658618927,297.34487533569336,437.88873195648193
75,354.7931671142578,290.88149070739746,330.11390686035156,287.3523473739624,266.90372467041016,468.61083984375,231.30889892578125,567.0435762405396,245.76452255249023,364.20802116394043,312.3685073852539,550.1740264892578,289.8053550720215,357.56009101867676,288.53796005249023,437.6846694946289
76,356.39835357666016,296.4937233924866,334.4491195678711,290.43845415115356,262.2385597229004,470.64180850982666,226.59923553466797,566.7833805084229,247.95631408691406,369.16435718536377,313.6090087890625,549.5966863632202,286.6939163208008,355.61572551727295,282.4296188354492,438.3933734893799
77,358.86383056640625,300.83933115005493,338.21163177490234,294.6821594238281,266.89075469970703,470.25848865509033,222.2161102294922,566.2756490707397,249.86005783081055,371.8496561050415,314.0531349182129,549.7858142852783,284.0571594238281,353.15603256225586,276.44481658935547,438.18403244018555
78,363.1217575073242,299.5389747619629,340.1606750488281,298.8037061691284,264.4498062133789,471.55006885528564,222.64305114746094,565.9426689147949,253.6111068725586,372.7302360534668,315.3397750854492,549.2890691757202,282.72289276123047,351.06380224227905,272.4839210510254,435.30136585235596
79,366.02230072021484,299.39722537994385,344.27295684814453,299.90819692611694,266.743106842041,470.6855821609497,223.71686935424805,565.6487846374512,257.8243064880371,376.3990259170532,316.2955093383789,549.3460607528687,282.2496032714844,347.00557708740234,270.75164794921875,431.0137367248535
80,372.74497985839844,301.3163995742798,346.61537170410156,297.93591499328613,259.071102142334,471.07508182525635,220.80938339233398,564.6785974502563,265.6917190551758,379.21101093292236,316.23783111572266,551.7158889770508,283.2181739807129,343.34054231643677,269.7328567504883,423.6971426010132
81,378.0516815185547,301.03296518325806,353.5369873046875,296.4297580718994,352.50450134277344,468.39488983154297,343.14483642578125,574.5318746566772,276.3519859313965,384.7725820541382,197.98067092895508,542.613115310669,284.4351577758789,339.207022190094,268.88805389404297,416.09580516815186
82,389.7611618041992,300.5573344230652,356.0267639160156,295.38182973861694,359.0734100341797,467.59434700012207,346.0896301269531,580.2158403396606,283.11365127563477,384.80189323425293,198.27693939208984,537.3216533660889,287.13714599609375,335.23464918136597,270.1064109802246,410.1676082611084
83,398.3234405517578,300.0515341758728,359.9303436279297,290.8671569824219,365.1913833618164,467.55542278289795,352.734375,579.8586559295654,288.524227142334,383.06575298309326,199.6853256225586,533.4385871887207,290.90341567993164,332.47652292251587,272.07347869873047,404.11049365997314
84,402.39219665527344,299.3684720993042,364.39441680908203,283.87704133987427,370.7615661621094,467.06541538238525,350.07957458496094,579.9064207077026,294.75576400756836,381.7176103591919,208.0586814880371,531.1724424362183,295.9771728515625,327.442102432251,274.56851959228516,398.721399307251
85,408.2944107055664,295.1872515678406,368.60095977783203,279.12453174591064,376.0675811767578,466.74389362335205,347.5122833251953,580.8771228790283,300.7579040527344,380.75939655303955,218.88179779052734,526.4691352844238,300.84985733032227,323.93576860427856,279.688663482666,396.5219020843506
86,416.74171447753906,290.3936719894409,374.9283981323242,271.11661434173584,382.8464126586914,467.0639991760254,349.38732147216797,580.2545928955078,310.4766273498535,380.5170965194702,228.18592071533203,519.1192817687988,307.9372215270996,321.5272521972656,289.72299575805664,394.8553705215454
87,424.7374725341797,287.1420621871948,379.81067657470703,267.4222683906555,384.1004180908203,468.0877447128296,339.39334869384766,589.0372180938721,316.32211685180664,380.3121328353882,251.02666854858398,509.89055156707764,316.0927200317383,319.5589828491211,299.71120834350586,395.99069595336914
88,427.1320343017578,285.5205702781677,380.6614303588867,264.6600008010864,386.4112091064453,467.88981914520264,321.6167449951172,588.4216833114624,317.09619522094727,380.1244640350342,289.4276809692383,531.2402486801147,323.4951400756836,321.3759970664978,310.7025146484375,399.2543649673462
89,429.89757537841797,281.1256957054138,387.73887634277344,261.9956874847412,392.62718200683594,469.70942974090576,330.4153823852539,586.4799785614014,323.05030822753906,379.81916427612305,295.9309387207031,539.12109375,330.33458709716797,322.11987018585205,322.0555114746094,400.8611583709717
90,433.30238342285156,274.57486152648926,394.4834899902344,257.688467502594,394.28672790527344,470.6335258483887,347.6260757446289,584.7342681884766,340.20362854003906,373.83363246917725,315.753173828125,525.691294670105,338.49781036376953,322.8253126144409,335.97251892089844,402.40336418151855
91,441.6428756713867,268.66893768310547,399.4667434692383,261.05852365493774,400.1216125488281,471.6606616973877,352.8709030151367,583.7773847579956,353.5575866699219,374.08833503723145,346.40979766845703,523.535270690918,349.18880462646484,323.6820960044861,356.0015106201172,402.8468084335327
92,448.2648468017578,265.1189589500427,404.53636169433594,261.4989638328552,407.5313949584961,473.24934482574463,352.5133514404297,583.8837718963623,365.0397491455078,373.924355506897,373.6143112182617,518.3511829376221,361.0364532470703,324.25829887390137,376.4659881591797,403.32844734191895
93,451.12693786621094,262.6318430900574,409.11380767822266,256.7429566383362,415.1469039916992,475.7697629928589,350.1619338989258,583.4500694274902,375.59242248535156,374.0574789047241,416.5528869628906,508.6957883834839,369.8929214477539,324.70792293548584,395.6064987182617,403.633017539978
94,452.82474517822266,257.98226594924927,419.2381286621094,254.79891300201416,422.8573989868164,477.4431610107422,351.32545471191406,583.3001232147217,384.6898651123047,373.8183116912842,455.59593200683594,513.3854913711548,383.1528091430664,324.9125003814697,416.21959686279297,403.8229179382324
95,457.9794692993164,254.83485460281372,428.1095504760742,254.00588035583496,419.6815490722656,476.6226625442505,355.48545837402344,582.986626625061,391.55235290527344,371.07057094573975,489.3968963623047,514.3210887908936,403.48663330078125,325.8982443809509,440.8957290649414,404.6290397644043
96,464.5534133911133,250.40676355361938,435.31227111816406,255.17201900482178,423.1521224975586,476.98014736175537,353.4394073486328,583.0083417892456,408.0563735961914,369.24302101135254,527.3299407958984,511.0141611099243,418.7808609008789,329.21109437942505,463.0742645263672,400.7912063598633
97,472.7601623535156,241.23322248458862,442.2030258178711,253.13903331756592,428.5009765625,477.67571926116943,351.61277770996094,582.9533672332764,422.54722595214844,364.2597770690918,563.6644744873047,503.52856636047363,438.7261962890625,329.1972327232361,490.9197998046875,392.3328924179077
98,484.45945739746094,235.15353441238403,450.29003143310547,247.6755452156067,433.0994415283203,477.9072046279907,351.8238067626953,582.8330755233765,435.3009796142578,361.01271629333496,594.4140625,486.11613750457764,455.6084442138672,328.0761766433716,519.0773391723633,378.74083042144775
99,487.7409362792969,230.30077457427979,459.3106460571289,241.56811237335205,436.11438751220703,477.5879144668579,350.7230758666992,582.7531671524048,450.32901763916016,361.0794496536255,624.7943115234375,474.1505241394043,467.1813201904297,320.99319219589233,534.4921875,358.6623287200928
100,503.5675811767578,230.211660861969,463.61995697021484,242.17922687530518,438.34362030029297,477.36419677734375,350.1197052001953,581.8747758865356,463.1062316894531,362.5682258605957,651.5000915527344,464.2646312713623,490.0981903076172,318.4216833114624,562.1562957763672,345.48903465270996
101,516.3917922973633,227.7348232269287,470.23521423339844,241.78994178771973,442.85972595214844,475.2099323272705,352.4116516113281,580.6388998031616,475.32798767089844,363.41670513153076,672.6847076416016,457.1302127838135,516.1740875244141,310.5246591567993,596.3944244384766,317.6391863822937
102,528.9936447143555,224.6421718597412,473.17745208740234,237.21810579299927,451.7816162109375,473.7182807922363,353.19496154785156,577.503719329834,489.9583435058594,363.8768434524536,695.7001495361328,457.0322799682617,526.2891387939453,295.5661082267761,600.5915069580078,293.7413263320923
103,541.8666458129883,222.51949310302734,473.88267517089844,233.29137325286865,458.48960876464844,472.1308422088623,355.2297592163086,576.967363357544,501.7589569091797,365.5876636505127,710.4514312744141,455.62663078308105,533.8893890380859,279.73272800445557,613.1601715087891,254.45157766342163
104,551.2179565429688,222.32658863067627,479.1594696044922,233.8408613204956,467.72899627685547,471.2152433395386,362.3038101196289,576.5121603012085,514.0586471557617,368.81412506103516,731.6937255859375,461.128249168396,545.1171875,250.49643516540527,607.3308563232422,228.43621015548706
105,561.604118347168,219.96079444885254,486.55540466308594,235.35660982131958,479.4275665283203,470.72429180145264,375.09876251220703,574.1533613204956,525.2730560302734,369.55286979675293,740.5107116699219,465.4442882537842,509.6818542480469,237.89657592773438,593.4600067138672,202.32842445373535
106,574.5856475830078,215.87321519851685,490.18531799316406,233.41645002365112,495.20729064941406,469.80852127075195,391.31710052490234,570.6189393997192,539.122314453125,369.8375701904297,746.4095306396484,467.7636909484863,491.06842041015625,256.3526201248169,487.15919494628906,227.04274892807007
107,582.3908233642578,219.93727684020996,500.54237365722656,236.3048243522644,514.0902709960938,468.4302520751953,415.0035858154297,565.7892036437988,553.950080871582,373.67445945739746,749.9124908447266,479.02965545654297,490.83072662353516,259.76818799972534,488.18294525146484,212.80127048492432
108,596.7168426513672,221.95539236068726,515.0875854492188,241.07492923736572,530.3943634033203,468.6471462249756,434.10022735595703,564.0806150436401,568.4625244140625,375.1340961456299,748.4626770019531,493.50680351257324,497.89268493652344,209.2379665374756,537.4266815185547,130.95981001853943
109,604.5482635498047,227.7404236793518,524.2536544799805,245.44763803482056,543.8022613525391,472.3855447769165,450.87074279785156,563.1072521209717,581.0761260986328,375.9736490249634,750.2855682373047,508.0767774581909,493.24329376220703,197.05869913101196,526.8864822387695,123.86271715164185
110,617.2279739379883,233.1545376777649,534.3801116943359,248.98244619369507,556.9800567626953,476.4417314529419,466.9023895263672,563.6873817443848,593.8051223754883,377.66919136047363,748.1596374511719,525.0952005386353,492.70721435546875,206.09860181808472,480.596923828125,132.48457074165344
111,630.9197998046875,237.63771057128906,547.1876907348633,250.91329336166382,577.9732131958008,480.9107208251953,483.6437225341797,564.3069934844971,607.2953414916992,379.5606851577759,747.7544403076172,531.6273021697998,492.4738311767578,217.16086864471436,446.6392135620117,147.00611472129822
112,646.1131286621094,241.86779022216797,560.9814453125,253.69352102279663,594.0567779541016,486.97453022003174,497.2111129760742,564.3616247177124,619.4395065307617,383.93195629119873,747.8472900390625,535.1045608520508,495.3414535522461,228.6111330986023,429.4306182861328,176.5048348903656
113,659.2153930664062,245.09178400039673,572.5193023681641,258.82302045822144,610.15380859375,491.0863780975342,512.5675201416016,562.800407409668,631.0916900634766,388.41742515563965,749.2627716064453,536.7037153244019,503.1791687011719,249.01866674423218,424.8554229736328,216.81151628494263
114,670.5857849121094,249.82929468154907,587.048454284668,260.0521159172058,626.046028137207,494.00475025177,524.1040802001953,562.1403694152832,637.5959014892578,389.56708431243896,750.0846862792969,536.0810995101929,528.2785034179688,271.53353691101074,475.36109924316406,270.78399896621704
115,680.4631042480469,253.35524082183838,601.9712066650391,258.5932946205139,639.3498611450195,493.2994794845581,536.9034957885742,560.0779008865356,643.9838409423828,390.15395164489746,750.8024597167969,535.7018566131592,544.5528411865234,284.7462058067322,495.22438049316406,322.71480560302734
116,683.3539581298828,253.18345069885254,613.8566207885742,258.4505581855774,647.9385375976562,491.9526243209839,543.9446258544922,553.8791656494141,648.4718322753906,389.5508623123169,749.7660064697266,535.4382276535034,590.5333709716797,314.0812039375305,606.6172027587891,315.4216003417969
117,684.6714782714844,251.9272756576538,626.1321258544922,258.0587840080261,654.5767974853516,486.9081401824951,558.3132171630859,547.5933122634888,651.2760925292969,387.5749111175537,749.9347686767578,535.5279636383057,623.7979125976562,307.26210594177246,653.2273101806641,293.0558395385742
118,688.0543518066406,251.59090518951416,640.7750701904297,257.682888507843,700.4878234863281,464.78875637054443,594.7548675537109,537.714114189148,663.22265625,382.73277282714844,749.3058776855469,537.5257158279419,645.5836486816406,334.8168683052063,691.6590881347656,380.04807472229004
119,686.1308288574219,249.59540605545044,640.2069091796875,257.4890398979187,673.5673522949219,468.3263969421387,591.8000411987305,536.5557861328125,663.1621551513672,381.89613819122314,748.9810943603516,537.9088640213013,645.3324127197266,333.54204654693604,685.2040100097656,385.1344871520996
120,686.1827087402344,241.8577480316162,642.4720764160156,251.51900053024292,671.2791442871094,468.04195404052734,606.66259765625,526.7810010910034,660.1374816894531,371.1429691314697,748.4098815917969,538.3936786651611,655.5888366699219,326.6906762123108,718.8690948486328,378.60942363739014
121,684.3231201171875,227.70641326904297,654.8869323730469,242.23308563232422,676.4521789550781,463.0048942565918,630.6673049926758,515.4286909103394,660.2128601074219,364.82874870300293,748.2075500488281,539.1074895858765,676.7457580566406,315.9441804885864,727.8450012207031,348.3465528488159
122,687.7085113525391,223.60366344451904,662.7329254150391,233.21689367294312,684.5582580566406,453.3766222000122,644.5916748046875,504.8439645767212,659.2399597167969,356.1077284812927,747.6484680175781,538.021731376648,689.9955749511719,309.9462890625,746.4039611816406,338.1516480445862
123,692.3001098632812,222.31268405914307,669.4409942626953,227.51623392105103,692.0359802246094,444.43280696868896,664.3360900878906,502.0995283126831,659.6131896972656,353.9572834968567,747.3406982421875,537.3215246200562,706.4890289306641,295.68487644195557,762.6940155029297,289.2707920074463
124,692.6074981689453,219.5372200012207,670.7017517089844,215.39576053619385,696.4158630371094,446.4524030685425,703.0015563964844,472.7044486999512,660.4294586181641,352.7731418609619,747.4866485595703,537.0142078399658,715.1296234130859,274.65781688690186,778.7757110595703,266.35931968688965
125,691.0591125488281,217.78234720230103,670.7154083251953,212.33909368515015,697.3884582519531,445.95900535583496,732.7720642089844,431.3970136642456,660.9468841552734,348.72045278549194,747.6903533935547,536.5172052383423,720.5750274658203,268.6389183998108,783.4172821044922,263.8013291358948
126,690.7840728759766,215.88121891021729,674.1519165039062,209.8730492591858,698.6685180664062,444.23033237457275,736.5847778320312,411.36082649230957,662.5966644287109,347.8903841972351,747.5319671630859,534.9357748031616,724.5729827880859,265.55495738983154,785.3592681884766,262.55401611328125
127,692.1061706542969,213.05657386779785,673.2951354980469,207.96464681625366,700.9017181396484,443.7018299102783,742.3322296142578,407.93776988983154,665.8006286621094,347.50592708587646,747.8025817871094,534.7033882141113,718.8053894042969,262.5441884994507,782.1086883544922,263.60893964767456
128,699.0186309814453,215.71009397506714,671.5932464599609,205.91464519500732,700.9496307373047,444.00721549987793,751.0102081298828,417.4698257446289,668.4666442871094,347.54367113113403,748.8691711425781,534.6567821502686,717.4092102050781,259.3107318878174,783.7210083007812,265.8021926879883
129,701.8363952636719,215.34097909927368,671.2152862548828,204.25386428833008,700.850830078125,445.9246301651001,751.4747619628906,425.32097339630127,672.1938323974609,347.34134674072266,749.8565673828125,534.5533561706543,713.1256103515625,258.47293853759766,780.0120544433594,266.96537017822266
130,708.7059020996094,215.28973817825317,670.1788330078125,205.17130851745605,701.1042785644531,447.1443271636963,750.2885437011719,413.1377363204956,673.3735656738281,348.086142539978,749.7985076904297,534.5416402816772,713.0628204345703,259.8398995399475,775.5583190917969,268.79077434539795
131,704.866943359375,212.8429627418518,670.6729888916016,207.95861721038818,704.227294921875,447.70874977111816,744.0557861328125,404.8579502105713,674.7222900390625,348.9683747291565,749.3763732910156,534.926290512085,715.0946807861328,263.362820148468,772.9115295410156,271.1540150642395
132,709.8320007324219,214.11638975143433,671.0627746582031,209.6700382232666,707.3753356933594,448.15781593322754,738.4022521972656,413.7408256530762,677.3165130615234,350.16998291015625,748.2689666748047,535.0263261795044,716.639404296875,264.09984827041626,774.9146270751953,272.2165775299072
133,711.4859771728516,215.0741958618164,671.8312835693359,212.35737562179565,713.3000946044922,448.2193994522095,733.3433532714844,479.33748722076416,681.3166046142578,354.5428204536438,747.2714233398438,535.398359298706,711.8271636962891,268.08640480041504,771.881103515625,272.640323638916
134,717.5019836425781,215.56793689727783,670.694580078125,214.76750135421753,713.9344787597656,449.8978614807129,727.7662658691406,505.31877994537354,681.0843658447266,356.61535263061523,747.1128845214844,536.3201379776001,710.2326965332031,275.11990785598755,772.4903869628906,277.45091915130615
135,720.3544616699219,217.41329669952393,669.8690032958984,217.55667686462402,716.2638854980469,449.5802879333496,727.2578430175781,514.8914337158203,681.2604522705078,358.12161684036255,747.1369934082031,536.7063760757446,709.8612976074219,280.1597571372986,773.4922790527344,281.7085933685303
136,723.5933685302734,217.6668620109558,669.8114013671875,219.48286771774292,716.8595886230469,448.75412464141846,717.4742126464844,517.2506189346313,681.7195892333984,358.02050828933716,747.0818328857422,537.3138427734375,709.8245239257812,282.1176838874817,774.4499969482422,286.13696336746216
137,726.6279602050781,217.9594373703003,668.5321807861328,223.51030111312866,716.6944885253906,448.8609838485718,706.7806243896484,524.5747661590576,682.3542022705078,358.5839867591858,747.2236633300781,537.7268171310425,709.6827697753906,283.41010093688965,773.4479522705078,290.0485897064209
138,729.1761016845703,218.20602893829346,666.6319274902344,226.0941481590271,715.1274871826172,449.51428413391113,701.49658203125,530.7456493377686,682.44873046875,358.5252356529236,747.7761840820312,537.9084348678589,709.1649627685547,286.0708522796631,772.1584320068359,292.6885914802551
139,728.8059997558594,218.44826459884644,662.7011108398438,228.3691120147705,714.3430328369141,450.0957441329956,697.3890686035156,537.881269454956,682.3274993896484,358.7243413925171,747.9241180419922,537.9120397567749,704.1041564941406,289.0195655822754,769.33837890625,297.97518253326416
140,726.9944763183594,219.01650667190552,659.5036315917969,228.72872114181519,713.5932922363281,450.29984951019287,692.1470642089844,543.0072498321533,682.2089385986328,358.9614486694336,748.1390380859375,538.4514856338501,694.1081237792969,291.48985862731934,762.0013427734375,301.2404179573059
141,725.9341430664062,219.5871090888977,657.8388977050781,228.453848361969,713.5079193115234,450.78874111175537,687.6142883300781,546.9859743118286,682.1080780029297,358.6548399925232,748.1439208984375,538.9926910400391,688.7058258056641,294.18105840682983,758.1668090820312,309.5986318588257
142,726.4992523193359,220.68286657333374,657.0529174804688,227.9950189590454,711.6668701171875,450.94340801239014,684.0999603271484,549.3776893615723,681.8543243408203,357.7523732185364,748.0642700195312,539.4539880752563,683.5269165039062,295.9944248199463,755.0308990478516,319.0433120727539
143,726.1814880371094,221.36080026626587,656.6352081298828,227.6399803161621,708.0198669433594,451.8454885482788,679.2115020751953,550.4031944274902,681.7269134521484,356.86044216156006,747.6449584960938,539.6589517593384,679.5951843261719,296.4580178260803,752.2877502441406,328.10922145843506
144,725.7670593261719,221.4232635498047,656.7098236083984,227.39001989364624,705.5037689208984,452.43634700775146,674.6375274658203,552.3447275161743,680.7868194580078,355.3091812133789,746.9353485107422,539.8034048080444,676.6433715820312,297.6510214805603,750.1225280761719,338.340003490448
145,725.4508972167969,221.4279842376709,656.5852355957031,226.93419456481934,702.3094177246094,452.59766578674316,668.8475036621094,554.0872621536255,680.1014709472656,354.9680685997009,745.8488464355469,539.7827196121216,672.5682067871094,298.4919476509094,741.0987091064453,343.2799458503723
146,724.9272155761719,220.78609943389893,656.2245941162109,226.85147523880005,699.6893310546875,452.6949119567871,661.6182708740234,557.2950553894043,679.0269470214844,354.7001266479492,745.15625,539.8155498504639,667.2537231445312,299.8647451400757,734.8908996582031,347.8260111808777
147,724.8066711425781,220.77348232269287,655.2159118652344,225.50713062286377,696.0374450683594,454.0049457550049,656.9021606445312,560.2317523956299,676.9985198974609,354.07416343688965,744.6220397949219,539.8219442367554,659.9583435058594,299.236056804657,715.9220123291016,350.7630515098572
148,724.4670104980469,220.70149183273315,653.4682464599609,225.38696765899658,691.3963317871094,455.35892486572266,653.4678649902344,562.9418134689331,675.7453918457031,354.08268213272095,744.4314575195312,539.8129749298096,654.3037414550781,299.9585795402527,704.383544921875,358.0255722999573
149,722.327880859375,221.90301418304443,650.6021118164062,224.9772334098816,686.0335540771484,455.78919410705566,650.0579071044922,566.0907697677612,674.3724822998047,354.4939613342285,744.4517517089844,539.7693300247192,650.2055358886719,299.6929979324341,692.4053955078125,360.20127296447754
150,720.6539154052734,223.31889867782593,647.5086975097656,224.8606538772583,681.090087890625,457.30552196502686,647.3411560058594,568.1654262542725,672.9923248291016,354.7244167327881,744.4017028808594,539.7263288497925,646.4865875244141,299.6187114715576,683.4178161621094,361.13579750061035
151,719.6104431152344,223.51341247558594,645.9110260009766,224.84391689300537,675.8072662353516,458.4166431427002,646.4190673828125,569.5716762542725,671.6460418701172,354.77505683898926,744.2662811279297,539.6556901931763,643.8428497314453,300.4313135147095,675.3617095947266,363.6803340911865
152,716.5487670898438,223.8875913619995,643.0155944824219,224.9895715713501,671.9595336914062,459.1047477722168,645.0389862060547,570.7358837127686,669.0351867675781,355.79418897628784,744.0711975097656,539.4729137420654,640.2631378173828,301.67186737060547,667.2863006591797,366.39400005340576
153,711.8370056152344,224.43495512008667,640.7645416259766,225.59087991714478,667.6604461669922,459.76645946502686,645.2033996582031,571.3890552520752,666.6270446777344,357.9162883758545,743.6684417724609,539.1755962371826,636.6695022583008,303.31374406814575,661.9137573242188,368.6668825149536
154,709.4578552246094,224.64292287826538,638.1218338012695,226.55458688735962,663.7184143066406,460.2321767807007,645.740966796875,571.2079954147339,663.8371276855469,359.3632221221924,743.2298278808594,538.7053728103638,633.1179809570312,304.26273107528687,655.2011108398438,369.4205617904663
155,706.8122100830078,224.31060791015625,636.0776901245117,227.73718357086182,659.9951934814453,460.5635690689087,645.7890319824219,570.474443435669,661.1335754394531,360.34667015075684,742.9176330566406,538.6411285400391,629.6073150634766,305.5822491645813,650.7661437988281,370.41924476623535
156,703.2759857177734,224.27361488342285,633.4859466552734,229.15143728256226,656.9178009033203,460.63403606414795,646.6483306884766,570.9194326400757,658.0812835693359,360.641713142395,742.0039367675781,538.451099395752,626.700439453125,306.91378355026245,647.0754241943359,371.42204761505127
157,699.9117279052734,224.552800655365,632.3688507080078,230.32809019088745,653.5018920898438,460.81140518188477,646.3822937011719,570.9305477142334,653.9081573486328,361.42637729644775,740.8396911621094,538.3033847808838,624.2238616943359,307.7325654029846,644.7991180419922,371.5953826904297
158,694.8053741455078,225.89343309402466,630.9529495239258,231.1641025543213,651.4914703369141,460.87706565856934,647.1429443359375,571.8324136734009,651.8611907958984,361.9119644165039,740.7515716552734,538.205623626709,622.7799224853516,308.1222152709961,643.5556793212891,371.4422607421875
159,687.3237609863281,226.1816954612732,628.3863067626953,232.30159521102905,649.2253112792969,460.82865715026855,647.6451110839844,571.4277219772339,648.1296539306641,362.3945474624634,740.5047607421875,537.7521800994873,620.9786224365234,309.1481065750122,642.8445434570312,372.6408004760742
160,681.6447448730469,226.16618156433105,626.9441604614258,233.05956602096558,646.9516754150391,460.35791873931885,647.8731536865234,570.99440574646,644.68505859375,362.67130851745605,739.7053527832031,536.8117761611938,619.507942199707,309.1597366333008,643.0846405029297,373.7810182571411
161,678.2803344726562,225.11919736862183,624.1870880126953,233.86942148208618,645.3254699707031,459.8346948623657,648.0492401123047,570.8751010894775,641.1056518554688,363.03218364715576,738.1763458251953,535.1043891906738,617.9984283447266,310.2489924430847,643.9888763427734,374.9572420120239
162,675.8374786376953,224.92032766342163,621.2035369873047,234.5383644104004,643.5090637207031,459.2666244506836,648.2048034667969,570.704083442688,637.6386260986328,362.9859209060669,737.3173522949219,534.0057563781738,616.8624114990234,311.95401906967163,644.4671630859375,375.1632356643677
163,673.6564636230469,224.90856885910034,617.7065277099609,234.38517808914185,640.9407043457031,459.181866645813,647.9032897949219,570.6102275848389,634.3270111083984,363.18273067474365,736.1314392089844,533.6002063751221,615.1692962646484,311.67736530303955,643.9854431152344,374.37745571136475
164,673.8716125488281,225.03583431243896,616.2981033325195,234.18542861938477,639.6370697021484,457.99002170562744,647.7958679199219,570.4743146896362,630.8856201171875,362.9181146621704,734.8715209960938,533.2535362243652,613.4356689453125,311.7992877960205,644.6117401123047,373.971905708313
165,671.4061737060547,225.08840560913086,615.4340744018555,234.1398525238037,639.3500900268555,455.4577159881592,647.4423980712891,570.4051351547241,628.785514831543,361.8814516067505,732.7313995361328,531.9270658493042,611.5443801879883,311.6715931892395,645.8000946044922,373.82715225219727
166,669.5864868164062,225.28079509735107,614.266471862793,232.94309377670288,638.1546783447266,454.41847801208496,646.9860076904297,570.4678344726562,626.7483520507812,360.9006643295288,730.4334259033203,531.4294624328613,609.3918991088867,311.5592408180237,646.4321136474609,372.28837966918945
167,667.4730682373047,225.27652502059937,612.7103424072266,231.62282466888428,636.7423248291016,453.3360242843628,646.4360046386719,570.421142578125,623.555793762207,358.7454128265381,727.8160095214844,530.7759475708008,606.3479614257812,310.90240001678467,646.8079376220703,368.28914165496826
168,664.5156860351562,223.98876428604126,610.8453369140625,229.71633195877075,634.6028518676758,451.9002914428711,646.4802551269531,570.2987480163574,621.9062042236328,357.1382975578308,724.6526336669922,529.8305225372314,603.9432525634766,307.82193660736084,646.8805694580078,362.5049686431885
169,659.9270629882812,223.46103429794312,609.567985534668,224.63627099990845,632.0847702026367,450.4808235168457,646.5469360351562,570.2466487884521,620.92041015625,353.8034963607788,721.1558532714844,528.8817071914673,601.5143585205078,303.64678859710693,649.1543579101562,355.8682179450989
170,656.8479156494141,221.2560224533081,608.4808349609375,223.87044668197632,630.3583908081055,449.41163063049316,646.5914154052734,570.1428365707397,620.2527618408203,352.9778051376343,717.8880310058594,527.5960493087769,598.997917175293,301.257541179657,651.4684295654297,348.4009909629822
171,656.3117218017578,220.0546932220459,605.2866744995117,224.34459686279297,628.3782958984375,448.39797019958496,646.5731048583984,569.5013380050659,618.366584777832,352.4467706680298,713.1833648681641,526.9903421401978,597.3178100585938,300.2410054206848,651.6049194335938,341.1720943450928
172,654.7688293457031,218.2166290283203,602.3259735107422,223.46766471862793,626.9586944580078,446.73096656799316,646.9123077392578,569.1132974624634,617.5933837890625,351.2940001487732,708.7850189208984,525.5987691879272,594.0821075439453,298.59859228134155,652.2019958496094,334.82879877090454
173,650.4916381835938,215.87872982025146,600.9088897705078,220.55746793746948,624.4354248046875,446.31507396698,646.6038513183594,568.5645818710327,617.2422409057617,350.62445640563965,703.9133453369141,524.605278968811,589.49951171875,296.38664960861206,648.1589508056641,325.20110607147217
174,651.0820770263672,214.93499994277954,598.2118988037109,220.17627239227295,622.0233154296875,446.2990665435791,646.5473937988281,568.473687171936,615.911979675293,349.73971366882324,698.6442565917969,521.9306659698486,587.553825378418,295.7839035987854,646.981201171875,321.1089777946472
175,648.0893707275391,214.20421600341797,596.0527420043945,219.59279537200928,620.3339767456055,446.16100788116455,646.5461730957031,568.5098218917847,615.0527954101562,349.2777729034424,693.6849975585938,520.6094312667847,583.944091796875,295.0046682357788,640.2173614501953,313.89166831970215
176,646.3588714599609,213.5625457763672,593.7921905517578,219.30996179580688,619.0696334838867,445.73266983032227,646.453857421875,568.5507202148438,614.1096115112305,348.4615445137024,688.0535125732422,518.1704235076904,581.5937042236328,294.54575300216675,633.1437301635742,308.4048557281494
177,644.3703460693359,213.91833543777466,592.5217819213867,219.32247161865234,617.0363235473633,445.902099609375,646.4796447753906,568.6629009246826,612.879638671875,348.10296535491943,681.9994354248047,517.3167085647583,580.0666046142578,294.62613344192505,629.7136306762695,302.75580167770386
178,643.0858612060547,214.25037145614624,591.6660690307617,219.63817834854126,614.3222808837891,446.049427986145,645.5242156982422,568.8764047622681,610.7378005981445,347.7974510192871,676.9875335693359,516.434154510498,578.132209777832,295.06951332092285,623.8004684448242,300.5089473724365
179,641.2480163574219,214.30296421051025,589.4466018676758,219.63701963424683,611.470947265625,446.4513301849365,644.8793029785156,568.8852024078369,609.2393112182617,348.0640196800232,671.3593292236328,514.932804107666,576.5634155273438,295.3396224975586,620.2878570556641,299.13805961608887
180,640.400390625,214.46934700012207,587.4344635009766,219.779691696167,609.172477722168,447.0914125442505,644.1355895996094,568.8606548309326,608.0027389526367,348.1242084503174,665.936279296875,513.2129716873169,575.4885864257812,295.69504737854004,617.0574188232422,298.96573305130005
181,638.9081954956055,214.6421241760254,585.9868240356445,220.46401977539062,607.596549987793,447.7156162261963,643.7753295898438,568.8431453704834,606.6279983520508,348.8115191459656,661.6766357421875,511.95061683654785,574.8117828369141,297.1630525588989,615.0248336791992,298.7856388092041
182,637.9682540893555,214.76464748382568,584.2293548583984,222.20370054244995,606.8095016479492,448.1437826156616,643.7775421142578,568.7907028198242,605.5835723876953,349.3955111503601,658.29833984375,510.69718837738037,574.1443634033203,298.67032527923584,611.459846496582,299.84485387802124
183,635.7926177978516,214.8162317276001,582.5777435302734,224.59009408950806,606.0359573364258,448.66790771484375,644.2607116699219,567.8681516647339,605.3192901611328,350.9747529029846,652.5405883789062,508.38855743408203,573.7042999267578,300.75023889541626,610.1497650146484,299.56976652145386
184,634.713134765625,214.88893032073975,581.5446090698242,225.7017731666565,606.268310546875,449.068865776062,644.4583129882812,567.6193284988403,604.4333648681641,351.6479229927063,649.8639678955078,506.40767097473145,573.5809326171875,300.6984615325928,602.9804611206055,301.4068865776062
185,633.2698822021484,214.97046947479248,580.7376098632812,225.9723973274231,606.3558197021484,449.24782276153564,644.6383666992188,567.4630737304688,603.8466644287109,351.6627287864685,647.5201416015625,505.23393630981445,573.9725494384766,300.37346363067627,601.1234283447266,309.2942547798157
186,632.7272415161133,215.07181406021118,579.9312210083008,225.96233367919922,606.3089752197266,449.5078468322754,644.7202301025391,567.2625732421875,603.3198928833008,351.95953130722046,645.3407287597656,504.02552604675293,574.3508148193359,300.47186851501465,600.4290771484375,321.98052406311035
187,631.898193359375,215.05475521087646,580.2866744995117,225.87058067321777,606.0492706298828,449.78829860687256,644.7360992431641,566.9140577316284,602.5494384765625,352.2155427932739,643.8963317871094,503.22399616241455,574.0833282470703,300.9711027145386,602.721061706543,334.4557785987854
188,630.7940673828125,215.0010895729065,580.793571472168,224.59213256835938,605.695686340332,449.7917318344116,644.8668670654297,566.0438203811646,602.3541259765625,352.019784450531,642.3426818847656,503.12756538391113,573.6366653442383,299.0673565864563,598.5794830322266,337.74523973464966
189,628.7685012817383,214.33935642242432,581.2570190429688,223.39125394821167,605.4352951049805,449.74757194519043,645.1235198974609,565.2930164337158,602.1738815307617,350.68981647491455,641.0232543945312,503.07847023010254,573.6921310424805,292.61173009872437,594.0784454345703,338.3074951171875
190,626.9800567626953,213.82482290267944,581.494026184082,222.90813446044922,604.9547576904297,449.74791526794434,645.4238891601562,564.6082162857056,602.254524230957,350.43893337249756,639.6744537353516,502.78780460357666,573.8544464111328,291.01856231689453,592.7341461181641,343.1150007247925
191,624.97802734375,213.1810712814331,581.5863037109375,222.92197465896606,604.4838714599609,449.74555492401123,645.6092834472656,564.1980743408203,602.1150588989258,350.37209272384644,638.9379119873047,502.8581428527832,575.953483581543,291.88315629959106,593.543701171875,348.494074344635
192,623.455924987793,212.92752742767334,581.6692352294922,223.35376739501953,603.9262771606445,449.84704971313477,645.675048828125,564.2082023620605,601.855583190918,350.8504056930542,638.5912322998047,503.1612968444824,577.8774261474609,292.55317211151123,594.5558929443359,355.1361894607544
193,622.3468017578125,212.57184505462646,581.9077682495117,223.7363576889038,603.6690139770508,449.86451625823975,645.6476593017578,564.2521905899048,601.0327911376953,351.36380195617676,638.8230133056641,503.3722686767578,580.6148147583008,294.3400168418884,594.6736907958984,360.24345874786377
194,621.994514465332,212.61686325073242,582.0637893676758,224.4500184059143,603.2316970825195,450.24187088012695,645.6255340576172,564.276008605957,599.671516418457,352.414026260376,639.1608810424805,503.50504875183105,581.7826461791992,297.9862117767334,595.4309844970703,364.7818422317505
195,621.7986297607422,212.63392210006714,582.1718215942383,225.1706314086914,602.4447631835938,450.93546867370605,645.5113220214844,564.4928598403931,598.7552642822266,352.72921800613403,639.1939163208008,504.1749143600464,583.0408477783203,300.4887342453003,595.95458984375,368.132586479187
196,620.866813659668,212.81217098236084,582.1726608276367,225.4930543899536,600.809440612793,452.35133171081543,645.2576446533203,564.8273420333862,597.206916809082,352.787024974823,638.892936706543,506.31364345550537,584.224853515625,302.76498556137085,597.4570846557617,374.0397119522095
197,620.319938659668,212.842276096344,582.1871948242188,225.80213069915771,600.1431274414062,452.34506607055664,644.5189666748047,565.0865507125854,595.7926177978516,352.7723693847656,639.0864181518555,508.09746265411377,586.4205169677734,304.6244430541992,602.3256301879883,376.67076587677
198,620.3362274169922,212.8823161125183,582.2061920166016,225.88748931884766,598.8550567626953,452.30652809143066,643.9186096191406,565.7052612304688,593.8997650146484,352.6770329475403,639.4036865234375,509.97183322906494,589.5614624023438,307.20086574554443,609.7824859619141,378.80125522613525
199,619.5963287353516,212.8988814353943,582.220344543457,226.29688024520874,598.1242752075195,452.17533588409424,643.3869934082031,566.1370325088501,593.3063888549805,352.73765087127686,639.6443939208984,510.7774829864502,591.8284225463867,309.08748865127563,614.9750518798828,380.3884792327881
200,618.5810470581055,212.73138284683228,582.219352722168,226.5843915939331,598.2218170166016,451.4283084869385,642.4115753173828,566.7935085296631,592.9597091674805,352.7305054664612,639.7951507568359,511.360445022583,593.460693359375,308.9454388618469,620.4280471801758,379.6897315979004
201,617.2597122192383,212.41149187088013,582.086296081543,227.01354503631592,598.3556365966797,451.0833549499512,642.7363586425781,566.794023513794,592.6313018798828,352.472562789917,640.0961303710938,511.50824546813965,594.3808746337891,309.1420340538025,625.765495300293,377.9598140716553
202,616.7259979248047,212.40262985229492,582.1033477783203,227.17357635498047,598.2747268676758,450.6319284439087,644.4858551025391,566.5812492370605,592.391471862793,351.8015384674072,641.290283203125,512.3267698287964,595.4280853271484,310.09366035461426,632.0661163330078,376.55163288116455
203,616.4582061767578,212.52126932144165,581.9851684570312,227.4266266822815,598.067512512207,449.9129247665405,644.5430755615234,567.1410369873047,591.9208908081055,351.68553829193115,644.88525390625,512.1898698806763,596.5806198120117,310.83442211151123,641.707763671875,375.71220874786377
