Frame,Shoulder_X,Shoulder_Y,Elbow_X,Elbow_Y,Wrist_X,Wrist_Y,Hip_X,Hip_Y,Ankle_X,Ankle_Y,Elbow_Angle,Trunk_Lean_Angle,Stride_Length,Wrist_Hip_Distance,Mid_Sternum_X,Knee_X,Foot_X,Sternum_to_Knee_Dist,Toe_to_Knee_Dist
1,286.3985252380371,215.76899647712708,262.4161148071289,264.76728081703186,293.8140678405762,302.60044980049133,251.16694450378415,302.7103292942047,176.11351490020752,417.5810108184815,114.23,166.99,137.22,42.65,172.0913200378418,150.31259536743164,150.31259536743164,21.778724670410156,0.0
2,286.8728828430176,216.61099219322205,264.3783760070801,266.50933134555817,294.5622539520264,304.19073009490967,250.76376914978027,302.82007813453674,173.17282676696777,416.7562940120697,117.04,174.24,137.85,43.82,229.73883247375488,199.97471237182617,199.97471237182617,29.76412010192871,0.0
3,287.1851921081543,217.94524085521695,266.4993095397949,269.138028383255,295.589075088501,305.92544770240784,249.63226318359372,303.473247051239,169.71110343933103,414.5610558986664,119.66,164.32,136.85,46.02,287.5433406829834,249.29508590698242,249.29508590698242,38.24825477600098,0.0
4,288.23756217956543,220.8222119808197,270.23011207580566,271.23452520370483,298.2144069671631,309.71994853019714,248.31058502197263,303.8953881263733,166.52549743652344,413.0722932815552,124.32,169.66,136.41,50.24,288.1645202636719,248.11686515808105,248.11686515808105,40.04765510559082,0.0
5,289.0225410461426,223.0793797969818,273.1533908843994,273.0467529296875,299.59447860717773,313.58274841308594,246.60186767578125,303.88395595550537,161.57330989837646,412.50996112823486,129.26,169.27,137.95,53.87,288.72156715393066,246.6488914489746,246.6488914489746,42.072675704956055,0.0
6,289.5044231414795,224.7950220108032,273.7958335876465,274.960563659668,299.64237213134766,315.8069589138031,245.27584075927732,304.0276746749878,160.29094219207764,411.9293375015259,130.29,159.83,137.35,55.63,289.2271900177002,245.15616989135742,245.15616989135742,44.07102012634277,0.0
7,289.6581172943115,226.3416314125061,274.1846752166748,276.8070225715637,299.5297622680664,317.2180480957031,243.42390060424805,304.0180389881134,159.0392303466797,412.2473478317261,130.86,153.79,137.24,57.64,289.78550720214844,243.88120651245117,243.88120651245117,45.904300689697266,0.0
8,289.71330642700195,228.16790437698364,274.2881298065185,280.5030760765076,299.3038845062256,320.39811873435974,242.1686553955078,304.03531789779663,160.20074844360352,413.4116654396057,131.49,168.05,136.68,59.43,290.174280166626,242.5938720703125,242.5938720703125,47.58040809631348,0.0
9,291.02914810180664,229.2673362493515,273.7191581726074,280.263555765152,299.0430164337158,321.2101948261261,241.9357681274414,304.0847702026367,161.04753971099854,417.52829217910767,129.52,158.36,139.33,59.62,290.4524631500244,241.1463918685913,241.1463918685913,49.306071281433105,0.0
10,290.9664058685303,229.98050773143768,273.54872703552246,280.45960116386414,296.7083072662353,322.0224668979645,240.1651954650879,304.1018531322479,162.8473663330078,420.68383264541626,131.84,149.94,139.89,59.32,290.6891384124756,239.6716547012329,239.6716547012329,51.017483711242676,0.0
11,290.8953380584717,230.52018785476685,272.76031494140625,281.072692155838,293.8490867614746,323.492644071579,238.0384397506714,304.7967658042908,166.65793418884277,425.2269773483277,133.83,147.83,140.0,58.86,290.90243339538574,238.16483688354492,238.16483688354492,52.73759651184082,0.0
12,290.8414936065674,231.7734640836716,271.8299388885498,282.720427274704,289.77413177490234,326.36607122421265,236.05021476745603,305.4545729160309,170.95082759857178,428.322874546051,137.19,148.94,139.05,57.65,290.81596755981445,236.3327980041504,236.3327980041504,54.48316955566406,0.0
13,290.77978134155273,232.6898342370987,270.30632972717285,283.07867884635925,286.8831253051758,328.8301286697388,234.63456630706787,306.1880283355713,172.55795001983645,429.3347523212433,137.97,145.79,137.91,56.94,290.3555660247803,234.2300319671631,234.2300319671631,56.12553405761719,0.0
14,290.5968189239502,232.8375542163849,269.229154586792,282.905987739563,282.996768951416,329.44207644462585,232.77557373046875,306.60246086120605,172.52240180969238,429.5959284305573,140.41,143.68,136.96,55.17,289.7355709075928,232.42204570770264,232.42204570770264,57.31352519989014,0.0
15,288.6643981933594,232.84714090824127,268.5696601867676,283.18130707740784,280.587215423584,329.63407158851624,229.65136528015137,306.57159399986267,172.03843116760254,429.8065416812897,143.73,162.96,136.04,55.91,288.9971923828125,230.5923614501953,230.5923614501953,58.40483093261719,0.0
16,287.7953624725342,232.8852263689041,267.32245445251465,283.24986743927,278.91357421875,330.1705017089844,228.99850845336917,306.6915338039398,171.7985486984253,429.891597032547,144.0,160.7,135.83,55.16,288.1108989715576,228.800030708313,228.800030708313,59.31086826324463,0.0
17,287.149600982666,233.02433955669403,266.17481231689453,283.0634250640869,277.96122550964355,330.3960747718811,226.90179347991943,306.64828753471375,171.97527408599854,429.3557548522949,143.28,176.79,134.44,56.31,287.0621452331543,227.009765625,227.009765625,60.0523796081543,0.0
18,286.3483142852783,233.65258634090424,264.8891544342041,283.3849630355835,276.5779781341553,331.5367441177368,225.67291259765625,306.71155643463135,172.47940063476562,429.9967403411865,143.02,179.41,134.27,56.64,286.1088924407959,225.52777576446533,225.52777576446533,60.581116676330566,0.0
19,285.3530502319336,234.2424863576889,264.2897129058838,283.4829857349396,276.0713768005371,332.5545666217804,223.8242483139038,306.3198902606964,173.02063465118408,430.37690901756287,143.34,171.17,134.06,58.46,285.0307388305664,224.02773571014404,224.02773571014404,61.00300312042236,0.0
20,283.8981342315674,234.9645749330521,263.81526947021484,284.1100239753723,275.6923484802246,332.92271518707275,222.24141597747803,305.9191436767578,173.85673999786377,430.6863942146301,144.1,144.73,133.82,59.88,283.61155128479004,222.72128677368164,222.72128677368164,60.8902645111084,0.0
21,282.4045944213867,236.2698838710785,263.06456565856934,285.32363057136536,275.8919048309326,334.2006685733795,221.4983081817627,305.7721586227417,174.955415725708,431.6774654388428,143.78,134.78,134.23,61.37,282.0714111328125,221.39416980743408,221.39416980743408,60.67724132537842,0.0
22,280.0536632537842,237.1263167858124,261.79667472839355,285.9082717895508,276.0567569732666,334.2851686477661,220.36954879760745,305.8889627456665,175.02257823944092,432.1376919746399,143.06,132.49,134.15,62.51,280.4663143157959,220.2171220779419,220.2171220779419,60.249192237854004,0.0
23,278.6476135253906,238.3304020166397,260.9714412689209,286.22837257385254,276.1096000671387,334.3973345756531,219.03732776641849,305.8998069763184,175.13425827026367,431.82141280174255,142.3,141.02,133.36,63.79,279.02647590637207,218.98176383972168,218.98176383972168,60.04471206665039,0.0
24,277.3275661468506,238.8906437158585,260.19853591918945,286.3263952732086,275.5887508392334,334.46870398521423,217.93900966644287,306.2336916923523,174.98468399047852,432.0241868495941,142.42,145.56,132.92,64.19,277.6662254333496,217.373064994812,217.373064994812,60.2931604385376,0.0
25,276.69894218444824,239.44993817806244,259.6731948852539,286.5188150405884,274.5574951171875,334.6871564388275,216.06462478637692,306.40981245040894,174.91238594055176,431.87925958633423,142.94,144.24,132.05,64.97,276.43444061279297,215.63224124908447,215.63224124908447,60.802199363708496,0.0
26,275.6033420562744,239.52774226665497,258.7265396118164,286.5971417427063,273.99038314819336,334.63322925567627,213.4548139572144,306.80049872398376,174.313702583313,431.7504026889801,142.65,136.2,130.94,66.63,275.2100257873535,213.84757804870605,213.84757804870605,61.36244773864746,0.0
27,273.894739151001,239.622367978096,258.53525161743164,286.7576494216919,273.1830883026123,334.7000584602356,211.66543006896973,307.0805215835572,173.73483180999756,431.7077443599701,144.96,119.23,130.27,67.43,273.99261474609375,211.91808986663818,211.91808986663818,62.074524879455566,0.0
28,272.52553939819336,240.1245995759964,257.9614734649658,287.3126976490021,272.1474838256836,335.2976670265198,210.1140117645264,307.7809216976166,173.52450370788574,431.66743779182434,146.38,110.81,129.18,67.86,272.7458152770996,210.18022727966311,210.18022727966311,62.565587997436495,0.0
29,271.24051094055176,240.3207756280899,256.7169570922852,287.70968794822693,271.7665386199951,335.2517423629761,208.29156875610352,308.3535101413727,173.5168218612671,431.0980830192566,145.4,109.77,127.58,68.94,271.72975730895996,208.88666152954102,208.88666152954102,62.843095779418945,0.0
30,270.46494483947754,241.1194760799408,256.1069583892822,289.0377469062805,271.60712242126465,335.3870666027069,207.37531185150144,308.90846037864685,173.64214897155762,430.4628462791443,144.83,116.84,126.15,69.48,270.90772247314453,207.5757293701172,207.5757293701172,63.331993103027344,0.0
31,270.5230522155762,241.258131980896,255.6434726715088,289.4227170944214,271.3856792449951,335.4391646385193,206.986985206604,309.5651569366455,173.70726585388184,430.4282884597778,143.95,114.73,125.36,69.4,270.34410667419434,206.5061616897583,206.5061616897583,63.837944984436035,0.0
32,269.7845649719238,242.29393565654755,254.96280670166016,291.1080150604248,271.19922637939453,335.9995696544647,205.1107692718506,310.4680697917938,173.80167961120603,430.3577029705048,143.23,121.48,123.91,70.85,270.0169429779053,205.70505237579346,205.70505237579346,64.31189060211182,0.0
33,269.7074604034424,242.52739691734317,254.53213691711423,291.2774398326874,270.8976173400879,336.0254390239716,204.76617336273196,311.1663467884064,173.98512840270996,430.4164643287658,142.62,118.52,123.16,70.65,269.8095245361328,205.12705993652344,205.12705993652344,64.68246459960938,0.0
34,269.60469245910645,242.65388572216037,254.7352123260498,291.2287061214447,270.7775688171387,335.98330330848694,204.2860221862793,311.6355230808258,174.77881908416748,430.4110748767853,143.26,109.57,122.39,70.81,269.4972152709961,204.53495979309082,204.53495979309082,64.96225547790527,0.0
35,269.42785263061523,242.9582917690277,254.8374080657959,291.07505774497986,270.87550163269043,336.1306149959564,204.48534965515137,312.21363162994385,174.6848487854004,430.8331832885742,143.54,105.08,122.31,70.57,269.29886627197266,204.25311470031738,204.25311470031738,65.04575157165527,0.0
36,268.9615058898926,243.00954055786133,254.9487590789795,291.3354825973511,270.9068012237549,336.40864539146423,204.0264844894409,312.78746128082275,174.6540641784668,431.05849504470825,144.33,102.57,121.86,70.93,269.15494537353516,204.0289478302002,204.0289478302002,65.12599754333496,0.0
37,268.79281997680664,243.26161992549896,254.423189163208,291.63402557373047,270.9653091430664,336.4395122528076,203.7015438079834,313.40862011909485,174.63895797729492,431.1963996887207,143.19,98.21,121.32,71.1,269.1115665435791,203.89187049865723,203.89187049865723,65.21969604492188,0.0
38,268.9878559112549,243.228564620018,254.4318008422852,291.5326385498047,271.7000198364258,336.35840916633606,203.645339012146,313.7542963027954,174.562668800354,431.50189995765686,142.16,61.12,121.29,71.71,269.15608406066895,203.70533180236816,203.70533180236816,65.45075225830078,0.0
39,269.3877983093262,243.24194025993347,254.4876194000244,291.51826667785645,273.10821533203125,336.044677734375,203.60063552856445,314.00978899002075,174.54570293426514,431.5589301586151,140.15,15.71,121.09,72.92,269.32086753845215,203.5902614593506,203.5902614593506,65.73060607910156,0.0
40,269.65044021606445,243.4071351289749,254.4907093048096,291.7835910320282,274.0304374694824,336.0333108901977,203.55265617370603,313.95393466949463,174.55420017242432,431.5040884017944,138.78,10.17,121.07,73.86,269.53613662719727,203.52126216888428,203.52126216888428,66.01487445831299,0.0
41,269.7854232788086,243.8357925415039,254.44819450378415,292.2985939979553,274.61949348449707,336.04771542549133,203.45113277435303,314.100168466568,174.4529628753662,431.4947793483734,137.69,1.13,120.92,74.48,269.7169418334961,203.40339946746826,203.40339946746826,66.31354236602783,0.0
42,269.8691654205322,244.4727931022644,254.42164421081543,293.21522545814514,275.0706481933594,336.13541650772095,203.35654735565183,314.2570831775665,174.2721462249756,431.52349042892456,136.72,5.84,120.82,74.98,269.8155097961426,203.20886421203613,203.20886421203613,66.60664558410645,0.0
43,269.891881942749,245.3989295959473,254.42524909973145,294.1143820285797,275.2612781524658,336.2998764514923,203.05602550506592,314.5215256214142,174.24498081207275,431.6287970542908,136.1,16.82,120.6,75.42,269.81712913513184,202.95952892303467,202.95952892303467,66.85760021209717,0.0
44,269.8806381225586,246.0177856683731,254.3978977203369,294.6085784435272,275.33766746521,336.3988790512085,202.6279592514038,314.9767546653748,174.20109272003174,431.7560534477234,135.71,28.0,120.19,75.8,269.7428798675537,202.67915725708008,202.67915725708008,67.06372261047363,0.0
45,269.65853691101074,246.42233753204343,254.17407989501956,294.9701943397522,275.3608989715576,336.4415373802185,202.30597972869876,315.45060181617737,174.13285732269287,431.7531464099884,135.25,26.35,119.67,76.01,269.5766086578369,202.32913970947266,202.32913970947266,67.24746894836426,0.0
46,269.414176940918,246.67908775806427,253.93996238708496,295.2428679466248,275.44753074646,336.4388916492462,202.04927444458008,315.675488948822,174.14827823638916,431.54011607170105,134.76,17.37,119.18,76.28,269.2811450958252,201.92740631103516,201.92740631103516,67.35373878479004,0.0
47,269.03780937194824,247.2000354528427,252.83068656921387,295.9420921802521,275.4209232330322,336.5198640823364,201.60645961761475,316.2085220813751,174.20353889465332,431.2431082725525,132.5,21.44,118.25,76.56,268.8417549133301,201.51060104370117,201.51060104370117,67.3311538696289,0.0
48,268.41456413269043,247.51330959796903,251.5320110321045,296.24478340148926,275.27978897094727,336.51509523391724,201.0473585128784,316.6920049190521,176.58255100250244,431.2456560134888,130.36,13.24,117.14,76.83,268.2162094116211,200.9037322998047,200.9037322998047,67.3124771118164,0.0
49,267.683687210083,247.567645072937,251.10803604125977,296.3256905078888,275.0325107574463,336.5080726146698,200.5439329147339,316.6719822883606,251.3503074645996,439.7262363433838,130.45,29.4,133.13,77.08,267.3394546508789,200.2024326324463,200.2024326324463,67.13702201843262,0.0
50,266.5308094024658,247.4934012889862,250.35306930541992,296.1598913669586,274.5361518859863,336.00940132141113,199.2716360092163,316.6183817386627,258.5361957550049,443.0390508174896,130.36,57.13,139.62,77.72,266.17216873168945,199.4647035598755,199.4647035598755,66.70746517181396,0.0
51,265.03040313720703,247.4357668161392,249.3190670013428,295.85720014572144,273.88381004333496,335.3075313568115,198.5427761077881,316.59274101257324,258.7558650970459,443.7503604888916,130.11,68.36,140.69,77.63,264.36706924438477,198.4696455001831,198.4696455001831,65.89742374420166,0.0
52,263.201379776001,247.44884848594663,248.0250835418701,295.7941925525665,272.61059761047363,334.721910238266,197.91781425476077,316.6426832675934,258.70104789733887,443.909300327301,130.3,79.83,141.04,76.85,262.1099967956543,197.37917804718018,197.37917804718018,64.73081874847412,0.0
53,259.389066696167,247.5660935640335,245.02721786499023,295.7417025566101,271.34167671203613,334.39952301979065,196.0720682144165,316.8125653266907,258.3512020111084,444.2473986148834,129.16,102.23,141.84,77.3,259.535493850708,196.19025707244873,196.19025707244873,63.34523677825928,0.0
54,256.39832496643066,247.85493552684784,243.42945098876956,295.7131221294403,270.1898002624512,334.36810088157654,195.09159564971924,317.0033845901489,256.34922981262207,444.4573585987091,130.14,108.07,141.41,77.08,256.6336269378662,194.88384246826172,194.88384246826172,61.74978446960449,0.0
55,253.6582946777344,248.6543055772781,240.3368854522705,296.0771551132202,268.4889507293701,334.3915205001831,193.32703113555908,317.9230864048004,185.1411724090576,433.978467464447,128.0,114.27,116.34,76.94,253.07720375061035,193.36204433441162,193.36204433441162,59.71515941619873,0.0
56,250.52106857299805,248.5578343868256,238.47245693206787,296.4879946708679,267.2422313690185,334.5845935344696,192.01070308685303,318.21882033348083,177.15269565582275,431.542239189148,128.83,114.62,114.29,76.99,249.63823127746582,191.8456335067749,191.8456335067749,57.79259777069092,0.0
57,245.41926383972168,247.17365980148315,237.70101070404053,296.4503011703491,266.01794242858887,334.59249806404114,190.30882358551025,318.2577877044678,173.87938499450684,431.7243373394013,134.51,108.63,114.65,77.45,245.95108222961426,190.13259601593018,190.13259601593018,55.81848621368408,0.0
58,242.19420433044436,246.45511519908905,234.6773099899292,296.73604011535645,264.1046333312988,334.80833745002747,188.4900140762329,318.93529081344604,249.77205276489255,439.2301127910614,133.8,107.68,135.0,77.26,242.1026430130005,188.3688268661499,188.3688268661499,53.733816146850586,0.0
59,237.96257972717285,246.36440908908844,231.656813621521,297.6696891784668,261.2255573272705,335.37063694000244,186.5264081954956,320.2749779224396,227.9551076889038,440.1583397388458,134.89,109.73,126.84,76.21,238.13156604766846,186.4674882888794,186.4674882888794,51.66407775878906,0.0
60,234.41609859466556,246.363445520401,228.1658935546875,298.75809717178345,259.0850830078125,336.4327509403229,184.5081853866577,322.6373870372772,255.83149909973145,443.2154002189636,133.82,109.73,140.09,75.84,234.21231079101562,184.20631313323975,184.20631313323975,50.00599765777588,0.0
61,230.6656837463379,246.5101202726364,224.7304344177246,298.68440866470337,255.6483364105225,336.22556734085083,182.5040102005005,323.73647594451904,256.6987609863281,444.2087252140045,134.04,109.09,141.49,74.2,229.97254943847656,181.78970432281494,181.78970432281494,48.18284511566162,0.0
62,225.82298755645752,246.24569416046145,222.40932941436768,298.94620537757874,253.3757972717285,336.2164869308472,179.002947807312,324.441481590271,255.50288200378415,443.5293602943421,136.57,107.43,141.54,75.3,225.67835426330566,179.34937191009521,179.34937191009521,46.32898235321045,0.0
63,220.99539756774905,246.256652712822,218.2957649230957,299.83219861984253,250.3447151184082,336.3910071849823,176.4069700241089,324.7277431488037,252.48659133911133,442.1341781616211,135.88,107.78,139.9,74.85,221.65044021606445,176.8813648223877,176.8813648223877,44.76907539367676,0.0
64,216.4916038513184,246.25374567508695,215.0211238861084,299.9306786060333,246.89180374145508,336.5227384567261,174.32474613189697,325.4252688884735,256.80164337158203,442.0718238353729,137.38,106.91,142.86,73.41,217.88919067382812,174.39830589294434,174.39830589294434,43.49088478088379,0.0
65,214.27652835845947,246.25194919109344,211.87392711639404,299.8848192691803,243.83517265319824,336.26724576950073,172.16814994812012,325.8144199848175,255.8565902709961,441.99176597595215,136.14,106.9,143.18,72.43,214.6410026550293,172.29065322875977,172.29065322875977,42.35034942626953,0.0
66,211.85943603515625,246.26552081108093,208.69096755981445,299.8893268108368,240.53990364074707,335.8431775569916,170.0887155532837,325.6055705547333,255.56965827941892,441.8768563270569,135.08,109.05,144.31,71.19,211.9365463256836,170.5887050628662,170.5887050628662,41.34784126281738,0.0
67,209.58204746246335,246.23352706432345,207.15954780578613,299.88158559799194,237.80821323394773,335.6843030452728,168.46468448638916,325.4367663860321,253.22802543640137,441.0507023334503,136.85,111.06,143.36,70.1,209.71337127685547,168.9148178100586,168.9148178100586,40.798553466796875,0.0
68,207.4731159210205,246.15208101272583,204.97687339782715,299.7363317012787,235.21618366241452,335.6056823730469,167.8972291946411,325.33707785606384,172.10476398468018,433.8687512874603,137.2,113.17,108.61,68.1,207.55308151245117,167.3470458984375,167.3470458984375,40.20603561401367,0.0
69,205.3757286071777,245.9750620126724,202.96568870544436,299.4312233924866,233.32898139953613,335.5596923828125,165.9553098678589,325.2502586841583,168.13772678375244,432.11374974250793,137.37,115.08,106.89,68.16,205.60858154296875,165.94939041137695,165.94939041137695,39.6591911315918,0.0
70,203.475079536438,245.4593241214752,201.1627149581909,298.7652831077576,231.90002918243408,335.44435811042786,164.32929039001465,325.18153500556946,168.63854885101318,431.56118392944336,137.55,113.69,106.47,68.35,203.88693237304688,164.65838241577148,164.65838241577148,39.22854995727539,0.0
71,202.1369361877441,244.5273735523224,200.0121831893921,297.2955632209778,230.2363157272339,335.09234523773193,163.10043811798096,325.0804092884064,243.2032585144043,433.1488184928894,139.05,110.4,134.52,67.88,202.52589797973633,163.38666343688965,163.38666343688965,39.13923454284668,0.0
72,200.973801612854,244.14553904533383,199.70716953277588,296.84983921051025,228.89894485473636,335.00007128715515,162.00964450836182,324.87910509109497,249.77511405944824,434.0375881195069,141.2,109.13,140.07,67.65,201.58505630493164,162.48199653625488,162.48199653625488,39.10305976867676,0.0
73,200.66794395446777,244.19376647472384,198.93393516540527,296.4775424003601,228.76969814300537,334.53713369369507,161.53863430023193,324.7086677551269,250.35819053649905,435.67402172088623,140.01,110.04,142.13,67.95,201.10762882232666,161.8666934967041,161.8666934967041,39.24093532562256,0.0
74,200.6715202331543,244.201540350914,198.72224807739255,296.3806302547455,227.77543544769287,333.9727110862732,161.43197536468506,324.68051195144653,250.00436782836917,436.6050250530243,140.16,111.66,142.73,66.99,201.0042486190796,161.5274419784546,161.5274419784546,39.476806640625,0.0
75,201.0879421234131,244.03240954875943,198.67926120758057,296.37236642837524,227.34256267547607,333.843364238739,161.25277519226074,324.65248680114746,250.03941535949707,437.3296287059784,139.95,112.05,143.45,66.73,201.27062129974365,161.40938758850098,161.40938758850098,39.861233711242676,0.0
76,201.6200351715088,243.82485032081604,198.620867729187,296.2227029800415,227.4726676940918,333.7880651950836,161.4041805267334,324.5950646400452,249.6584415435791,438.50201416015625,139.2,111.24,144.1,66.7,201.68793296813965,161.36745643615723,161.36745643615723,40.32047653198242,0.0
77,202.30566501617432,243.80791437625885,198.8984441757202,296.0976023674011,227.98112869262692,333.7960023880005,161.41937255859375,324.5104339122772,249.3904209136963,439.0990347862244,138.62,111.81,144.46,67.21,202.15845394134521,161.3738250732422,161.3738250732422,40.78462886810303,0.0
78,202.75450229644773,243.8258465528488,199.44273948669436,296.11540389060974,228.34314823150635,333.8286004066468,161.32897853851318,324.1590416431427,248.66838455200195,439.077574968338,138.91,112.2,144.34,67.71,203.15658473968506,161.43929958343506,161.43929958343506,41.71728515625,0.0
79,203.02412509918213,243.72263038158417,199.71522331237796,295.90792632102966,228.17208766937256,333.6722083091736,161.46381855010986,323.62297081947327,248.47915649414065,439.0596101284027,139.37,111.52,144.56,67.46,204.79367923736572,161.5191421508789,161.5191421508789,43.274537086486816,0.0
80,206.0785961151123,243.7054821252823,201.89397811889648,295.95234847068787,228.4471035003662,333.50441670417786,161.5801477432251,322.8640053272248,248.4290027618408,439.226683139801,140.16,113.06,145.2,67.71,207.45855617523193,161.889741897583,161.889741897583,45.568814277648926,0.0
81,209.8055076599121,243.5359756946564,203.6086893081665,295.92197155952454,228.76140117645264,333.06065249443054,161.80339336395264,321.7876501083374,248.35750579833984,439.3198716640472,139.15,113.62,145.96,67.9,211.19257164001465,162.89600944519043,162.89600944519043,48.29656219482422,0.0
82,215.63004970550537,243.1405532360077,205.2838039398193,295.6297652721405,230.10397911071777,332.61169481277466,163.27237129211426,320.7694356441498,247.93513298034668,436.3234016895294,134.98,112.27,143.25,67.87,215.74338054656982,164.42179012298584,164.42179012298584,51.321590423583984,0.0
83,221.42457962036133,243.3019918203354,207.30498790740967,293.8818516731262,232.2848653793335,331.7342920303345,166.3603162765503,320.2736060619354,217.68166065216064,436.1481628417969,130.98,111.85,126.73,66.91,220.65272426605225,166.4697389602661,166.4697389602661,54.18298530578613,0.0
84,225.778169631958,242.92976033687592,209.85049724578855,290.73888659477234,234.44719791412356,330.2794666290283,169.0927219390869,319.51486921310425,167.02723503112793,433.300507068634,129.69,110.56,113.8,66.24,226.05250453948975,169.20956897735596,169.20956897735596,56.84293556213379,0.0
85,230.6253147125244,243.07935845851895,212.3714303970337,289.2200083732605,236.22938632965088,330.1995394229889,171.81989192962646,318.5312778949737,165.4389238357544,431.81301832199097,128.21,109.1,113.46,65.46,231.28045463562012,172.16217041015625,172.16217041015625,59.11828422546387,0.0
86,236.8044090270996,243.37528836727145,215.66741466522217,287.87659764289856,239.5878553390503,330.02756690979004,175.50254344940186,317.48203325271606,166.90300941467285,431.22978162765503,125.02,105.34,114.07,65.3,237.0497760772705,175.44493675231934,175.44493675231934,61.60483932495117,0.0
87,241.76980018615723,244.2710806131363,219.30205821990967,286.7468705177307,241.90701484680176,329.01337003707886,178.03537845611572,315.456383228302,198.086256980896,431.6262166500092,123.98,103.82,117.89,65.29,243.20334434509277,178.87521171569824,178.87521171569824,64.32813262939453,0.0
88,250.27118682861328,245.19476735591888,222.25481986999512,286.43692803382874,244.65582847595212,329.13598823547363,182.77414798736567,313.7731430530548,243.4251308441162,436.3212132453919,118.13,90.62,136.74,63.76,249.8851089477539,182.98490524291992,182.98490524291992,66.90020370483398,0.0
89,256.54601097106934,249.8787727355957,226.26362800598145,287.15914726257324,248.56996536254883,329.59735798835754,186.24409675598145,312.9111247062683,230.4143857955933,430.3126602172852,113.19,102.65,125.44,64.52,256.631441116333,187.91160678863525,187.91160678863525,68.71983432769775,0.0
90,264.0341377258301,254.35949778556824,231.7188549041748,287.2367227077484,252.44027137756348,329.7090013027191,192.3683595657349,312.2432246208191,172.99102306365967,430.92088437080383,109.49,112.61,120.25,62.56,264.0640754699707,193.8098373413086,193.8098373413086,70.25423812866211,0.0
91,270.5360698699951,260.259330868721,233.91458988189697,288.0014696121216,257.9637050628662,330.480215549469,200.1360511779785,312.8433482646942,161.34987831115723,433.5092911720276,97.63,171.87,126.75,60.46,270.9656009674072,201.11537647247314,201.11537647247314,69.85022449493408,0.0
92,278.9329719543457,258.77422654628754,243.12941551208496,287.18678045272827,264.2739772796631,328.0115852355957,207.5265312194824,314.26747012138367,159.40579891204834,435.52282309532166,101.05,89.54,130.45,58.39,278.01940727233887,210.74269580841064,210.74269580841064,67.27671146392822,0.0
93,284.7788143157959,260.83056378364563,246.59671783447263,285.0440649986267,269.19050216674805,324.7113461494446,219.30184364318848,315.6332552433014,157.08940029144287,436.374356508255,92.72,118.0,135.83,50.71,285.90982818603516,222.0710163116455,222.0710163116455,63.83881187438965,0.0
94,291.81504249572754,257.2437365055084,253.1147289276123,278.5398783683777,276.8730640411377,317.9952070713043,234.38069343566892,315.583770275116,158.80900382995603,436.3623037338257,87.77,107.94,142.47,42.56,293.9179229736328,235.58440017700195,235.58440017700195,58.33352279663086,0.0
95,303.4862422943115,246.0671236515045,260.3140926361084,265.61242854595184,279.7164058685303,304.8835849761963,249.0099620819092,316.2794668674469,163.379487991333,433.86568093299866,88.07,75.03,145.46,32.75,301.60307121276855,250.26242637634277,250.26242637634277,51.34064483642578,0.0
96,310.5765438079834,234.55290246009827,266.3089656829834,259.6573454141617,285.1579570770264,301.25276017189026,267.70297050476074,316.24216532707214,173.37836265563965,425.6299123764038,95.18,70.74,144.44,23.01,309.9228286743164,265.1066780090332,265.1066780090332,44.8161506652832,0.0
97,317.3587131500244,228.3341771364212,275.3074264526367,256.99954533576965,292.4145984649658,302.64180159568787,280.9166622161865,315.4820566177368,205.69061279296875,411.3093218803406,103.73,69.72,121.83,17.24,319.5255603790283,280.8112621307373,280.8112621307373,38.714298248291016,0.0
98,326.3776016235352,224.31364595890045,293.3530139923096,258.1226581335068,308.5674476623535,306.06802320480347,293.5231018066406,309.3498728275299,252.7419662475586,407.2949967384338,118.07,67.03,106.1,15.4,330.26611518859863,296.8157272338867,296.8157272338867,33.450387954711914,0.0
99,339.8287010192871,222.71515083312988,319.9732303619385,262.4763227701187,331.8537425994873,306.9010691642761,312.90361404418945,310.3749465942383,285.7173442840576,390.1322705745697,138.49,71.29,84.26,19.27,341.1112518310547,312.8136405944824,312.8136405944824,28.297611236572266,0.0
100,357.1890163421631,227.4646952152252,353.5172653198242,276.93878650665283,370.1652717590332,310.7266654968262,329.03228759765625,315.7303960323334,332.0923519134521,384.6087355613709,149.53,167.39,68.95,41.44,354.4789237976074,330.2073154449463,330.2073154449463,24.271608352661133,0.0
101,364.8022270202637,227.7249730825424,389.9397468566895,273.2706274986267,417.19021797180176,247.82070434093475,347.69253730773926,316.64839935302734,398.4162425994873,386.8754737377167,75.85,108.61,86.63,97.81,366.4727039337158,349.21778869628906,349.21778869628906,17.254915237426758,0.0
102,384.1970729827881,229.63092827796936,413.5265636444092,278.5571246147156,457.6044845581055,281.54911971092224,367.88503646850586,323.4637043476105,454.8098659515381,381.59087109565735,124.82,149.12,104.57,99.03,379.6006507873535,369.4866256713867,369.4866256713867,10.114025115966797,0.0
103,386.3465023040772,228.75940489768985,431.06120109558105,252.6676508188248,469.044828414917,246.59004747867584,388.5754680633545,324.6102204322815,513.1317901611328,370.13051176071167,142.78,102.75,132.61,112.08,390.0966625213623,389.830867767334,389.830867767334,0.2657947540283203,0.0
104,405.4684352874756,228.195227265358,461.54125213623047,229.64502251148224,501.5092277526856,221.38756549358368,414.2477989196777,323.2935936450958,559.7978782653809,355.32487058639526,166.85,110.62,149.03,134.16,402.6493091583252,411.25432777404785,411.25432777404785,-8.605018615722656,0.0
105,409.66907501220703,224.6303334236145,425.0962257385254,216.34968543052676,453.7579822540283,192.1402997970581,430.7534980773926,322.8806309700012,588.1468963623047,350.42040395736694,168.04,84.71,159.78,132.75,414.8444538116455,433.35074043273926,433.35074043273926,-18.50628662109375,0.0
106,427.5654602050781,220.68932116031647,456.1643886566162,178.90493261814115,511.6190528869629,162.69865453243256,454.8098373413086,322.4079270362854,606.0547256469727,362.83933448791504,140.68,77.16,156.56,169.51,431.48273277282715,456.1379814147949,456.1379814147949,-24.655248641967773,0.0
107,445.1727962493897,222.1654267311096,443.5031318664551,199.71661174297333,458.28969955444336,178.66423642635343,478.3670997619629,321.89018034935,616.2503242492676,385.69126415252686,140.66,75.7,151.93,144.63,448.5165481567383,477.5111274719238,477.5111274719238,-28.994579315185547,0.0
108,469.53789710998535,223.30872547626493,445.2281856536865,195.7135881185532,440.10990142822266,168.45106160640717,502.5116729736328,321.86068534851074,621.8312644958496,412.7337050437927,149.25,75.04,149.98,165.62,470.8973579406738,498.50297927856445,498.50297927856445,-27.605621337890625,0.0
109,490.6375122070313,225.4854271411896,444.39785957336426,208.2993630170822,431.33228302001953,197.83830606937408,521.1135292053223,324.3249387741089,627.5154876708984,430.4463839530945,161.71,71.73,150.28,155.11,493.17608642578125,515.7103843688965,515.7103843688965,-22.534297943115234,0.0
110,521.5731239318848,233.63875341415405,496.0168647766113,251.09590697288516,507.17485427856445,243.5399932861328,535.7127571105957,325.03677105903625,635.2605628967285,432.847270488739,0.23,79.22,146.74,86.35,519.7808361053467,531.6340713500977,531.6340713500977,-11.853235244750977,0.0
111,538.9591026306152,245.48032665252688,533.4455108642578,294.8517897129059,530.9937858581543,325.8071687221527,540.8468627929688,317.3373999595642,636.1837577819824,432.053061246872,178.16,94.3,149.16,12.99,543.7542572021484,543.4616546630859,543.4616546630859,0.2926025390625,0.0
112,578.1965446472168,243.82230257987976,586.7571830749512,298.6096749305725,608.0145835876465,335.61035323143005,557.9855346679688,317.0113217830658,634.7237777709961,431.2591459751129,159.0,141.33,137.63,53.37,566.0200653076172,551.6727676391602,551.6727676391602,14.347297668457031,0.0
113,589.4050025939941,241.0906833410263,598.2835578918457,283.35060119628906,630.1197052001953,294.2474524974823,561.6495895385742,313.25925064086914,632.5362968444824,431.77689266204834,120.76,165.03,138.1,71.06,582.689769744873,558.7866897583008,558.7866897583008,23.903079986572266,0.0
114,601.966552734375,227.9283024072647,625.8116340637207,271.4810518026352,664.7253799438477,274.2510504722595,562.1690940856934,309.19700837135315,631.7701148986816,432.4135992527008,122.77,153.28,141.52,108.35,596.3664321899414,566.4881858825684,566.4881858825684,29.878246307373047,0.0
115,604.9216461181641,218.19816946983337,639.096565246582,261.4162828922272,666.5380668640137,234.6062090396881,571.2823677062988,304.0254862308502,630.5411338806152,431.2607138156891,84.0,146.13,140.36,117.87,601.8409423828125,572.4238586425781,572.4238586425781,29.417083740234375,0.0
116,607.342414855957,211.3486332893372,640.5255317687988,251.8909981250763,657.0441627502441,215.4523906707764,579.3543434143066,299.7163090705872,627.8170967102051,430.3372883796692,63.69,173.01,139.32,114.61,604.4620628356934,578.9061126708984,578.9061126708984,25.555950164794922,0.0
117,605.5690956115723,200.8572157621384,633.5310173034668,243.0433797836304,648.3651351928711,206.5053777694702,587.6638984680176,296.9383568763733,631.3017654418945,428.29060316085815,55.63,126.62,138.41,108.92,604.741813659668,587.411865234375,587.411865234375,17.32994842529297,0.0
118,602.5106048583984,200.3652241230011,635.0539398193359,239.8177274465561,647.9961204528809,202.28301978111267,594.0608596801758,294.9445209503174,638.4788131713867,427.26905703544617,58.54,103.43,139.58,107.22,605.0596504211426,595.660514831543,595.660514831543,9.39913558959961,0.0
119,603.365306854248,200.21296393871307,637.9030609130859,239.11544919013977,654.5808792114258,202.23250591754916,604.6978569030762,295.7757704257965,651.8506622314453,428.6110305786133,65.93,99.45,140.96,106.01,604.8604316711426,604.0729064941406,604.0729064941406,0.7875251770019531,0.0
120,606.5108299255371,202.5054244995117,638.931999206543,241.63457703590396,660.5400466918945,206.4021126031876,612.5256156921387,297.45322918891907,664.9087142944336,434.0103795528412,71.16,107.01,146.26,102.94,604.8797035217285,611.3932685852051,611.3932685852051,-6.5135650634765625,0.0
121,606.346321105957,206.02684342861176,638.8496589660645,243.3566049337387,660.8337593078613,211.21432161331177,621.4163017272949,298.7269036769867,671.5670585632324,440.761566400528,75.42,99.16,150.63,95.98,605.4485664367676,618.2068519592285,618.2068519592285,-12.758285522460938,0.0
122,605.665454864502,209.41318309307096,635.5048370361328,249.011544585228,661.0096549987793,215.87329053878784,624.2657089233398,301.5753433704376,671.4350509643555,443.2540736198425,74.58,92.61,149.32,93.25,606.5897026062012,624.2660064697266,624.2660064697266,-17.67630386352539,0.0
123,605.3549194335938,215.7674449682236,630.758113861084,256.07809603214264,662.3126220703125,221.52431058883667,628.128776550293,304.8988060951233,671.8195724487305,442.8901386260986,74.62,91.17,144.74,90.11,607.3028526306152,629.4660987854004,629.4660987854004,-22.163246154785156,0.0
124,609.070987701416,218.3974975347519,625.1703643798828,264.30538845062256,661.7463111877441,238.9383811950684,634.9936294555664,306.69571471214294,673.1817626953125,442.2171103954315,74.58,88.62,140.8,72.85,608.6856079101562,633.1580543518066,633.1580543518066,-24.47244644165039,0.0
125,610.0765800476074,218.04006254673004,622.1621704101562,264.464328289032,662.7881813049316,253.9792147874832,638.5260772705078,306.559116601944,672.3070335388184,441.0914661884308,90.12,85.81,138.71,57.91,610.0981979370117,636.5337409973145,636.5337409973145,-26.435543060302734,0.0
126,613.2600975036621,213.75887787342072,617.18994140625,262.9566699266434,661.6171073913574,269.50472342967987,639.8760795593262,305.7214324474335,669.2924308776855,440.0544703006744,102.95,82.34,137.52,42.24,611.5274391174316,639.4322547912598,639.4322547912598,-27.904815673828125,0.0
127,612.7284049987793,209.97740972042084,612.4064826965332,261.7237266302109,655.9870719909668,282.3826556205749,641.1441421508789,302.41622853279114,668.3211135864258,439.6161608695984,115.01,76.23,139.87,24.93,612.2651252746582,641.162223815918,641.162223815918,-28.897098541259766,0.0
128,612.5011253356934,208.22637677192688,608.184700012207,260.8371617794037,646.5542221069336,285.1642007827759,642.6213455200195,300.07674908638,668.880729675293,439.5089597702026,117.69,73.64,141.88,15.42,613.0293617248535,642.4701919555664,642.4701919555664,-29.44083023071289,0.0
129,612.7594184875488,207.55200934410092,605.7689666748047,260.02175402641296,639.3819236755371,285.27055263519287,643.6434745788574,299.12621307373047,671.2881088256836,439.2582685947418,119.32,74.6,142.83,14.5,613.2214965820312,643.3987655639648,643.3987655639648,-30.177268981933594,0.0
130,613.897762298584,207.0151872634888,604.6075630187988,257.8312357664108,636.6916465759277,284.1721169948578,645.06591796875,299.28129863739014,672.462329864502,439.1225197315216,119.03,75.36,142.5,17.27,613.5381088256836,643.8964004516602,643.8964004516602,-30.358291625976562,0.0
131,614.2207717895508,206.65469825267792,605.3441619873047,257.14261078834534,637.3160934448242,282.79235196113586,644.5189476013184,299.09256982803345,673.4996223449707,439.0241050720215,118.77,75.1,142.9,17.82,614.0901260375977,644.1968421936035,644.1968421936035,-30.10671615600586,0.0
132,614.311466217041,206.68541812896729,605.9845733642578,257.1191748380661,638.2122230529785,281.46455430984497,643.6323165893555,298.74349665641785,673.4150505065918,438.7362756729126,117.69,76.1,143.13,18.11,614.869457244873,644.1208305358887,644.1208305358887,-29.251373291015625,0.0
133,615.2612113952637,206.52954864501956,606.7819976806641,257.215237736702,640.2030372619629,280.4360508918762,644.1235542297363,298.8439691066742,673.3860397338867,438.7220997810364,115.29,76.72,142.91,18.82,615.5438919067383,643.7385177612305,643.7385177612305,-28.194625854492188,0.0
134,616.6560745239258,206.71216940879825,608.8495445251465,257.2553973197937,642.7712059020996,278.59530806541443,643.2634162902832,298.9152731895447,673.2692527770996,438.6463861465454,113.39,77.14,142.92,20.33,616.0728950500488,643.25244140625,643.25244140625,-27.179546356201172,0.0
135,617.2699356079102,206.7136882543564,610.396614074707,257.49219024181366,647.537899017334,278.16588306427,643.154354095459,298.4818959236145,673.0414009094238,439.4462134838104,111.39,77.03,144.1,20.78,616.460277557373,642.8917579650879,642.8917579650879,-26.431480407714844,0.0
136,616.8657875061035,206.75641191005707,611.9011688232422,257.49597918987274,651.0745811462402,271.7013170719147,642.088565826416,297.2595355510712,672.8521728515625,439.9868245124817,104.34,74.49,146.01,27.09,616.6269607543945,642.1372261047363,642.1372261047363,-25.510265350341797,0.0
137,616.2483787536621,206.211554646492,612.8624153137207,257.2558056116104,654.3213844299316,264.60465002059937,641.8288993835449,296.51552987098694,672.7491188049316,440.4720058441162,96.26,72.4,147.24,34.27,616.3144340515137,641.0491561889648,641.0491561889648,-24.734722137451172,0.0
138,616.0946273803711,205.71967732906344,613.7713050842285,257.1970442533493,657.4272537231445,252.60137689113617,640.3508949279785,296.5790274143219,672.6215744018555,440.3934504985809,81.41,72.9,147.39,47.18,615.5966491699219,639.5608749389648,639.5608749389648,-23.96422576904297,0.0
139,615.0934410095215,205.16933262348172,613.6652755737305,257.0494712591171,655.7318115234375,245.3288503885269,637.8230667114258,296.35926842689514,672.5505638122559,440.2470207214356,72.85,73.6,148.02,54.08,614.6363296508789,637.8312492370605,637.8312492370605,-23.19491958618164,0.0
140,613.6810111999512,204.93660628795624,613.5344123840332,256.67315685749054,654.8537063598633,243.17060351371765,635.712947845459,296.3299367427826,672.4672508239746,440.16294527053833,71.74,73.88,148.45,56.5,613.4688491821289,635.6128234863281,635.6128234863281,-22.14397430419922,0.0
141,612.0641899108887,204.74508476257324,612.5924491882324,255.47395479679108,654.7179794311523,239.24071311950684,633.4404373168945,295.91586351394653,672.436351776123,439.7802288532257,69.52,74.17,149.06,60.54,612.104061126709,633.2667388916016,633.2667388916016,-21.162677764892578,0.0
142,610.4109764099121,204.5720506906509,611.0725593566895,254.2617690563202,652.9511260986328,238.4047601222992,630.7367706298828,295.4800691604614,671.9925498962402,438.6743459701538,70.02,74.69,149.02,61.25,610.8057060241699,631.1040000915527,631.1040000915527,-20.298294067382812,0.0
143,609.2706871032715,204.1948217153549,608.397216796875,253.1039514541626,649.9316024780273,239.35910141468048,628.6204719543457,295.14667439460754,671.2563514709473,437.43702578544617,70.67,75.17,148.54,59.72,609.7583084106445,629.1604843139648,629.1604843139648,-19.402175903320312,0.0
144,608.6016654968262,203.80036282539368,605.5023765563965,252.48383784294128,647.0792770385742,241.46614849567413,627.0093727111816,295.2310438156128,669.785099029541,436.11327838897705,71.52,76.24,147.23,57.39,487.3454704284668,502.47239685058594,502.47239685058594,-15.12692642211914,0.0
145,608.4440231323242,203.48666405677795,602.988166809082,251.79465758800507,643.8450050354004,243.380579829216,625.9953689575195,295.04741048812866,669.1913223266602,435.9532933235169,71.92,76.33,147.38,54.66,365.2632751464844,376.3250427246094,376.3250427246094,-11.061767578125,0.0
