Frame,Left_Shoulder_X,Left_Shoulder_Y,Right_Shoulder_X,Right_Shoulder_Y,Right_Knee_X,Right_Knee_Y,Right_Foot_Index_X,Right_Foot_Index_Y,Hip_X,Hip_Y,Ankle_X,Ankle_Y,Wrist_X,Wrist_Y,Elbow_X,Elbow_Y
0,1289.67,374.49,1224.44,385.31,1229.52,524.49,1232.08,620.25,1229.77,519.92,1261.79,593.13,1195.76,402.08,1193.49,419.92
2,538.84,365.9,505.28,370.18,603.79,692.49,670.22,855.95,516.3,571.59,460.73,815.26,516.85,610.45,495.97,496.78
3,535.34,364.95,505.25,371.16,603.92,690.44,669.89,853.02,515.67,572.16,461.17,813.3,517.86,611.64,496.45,497.68
4,527.34,362.76,505.8,371.37,603.47,689.25,667.75,851.66,515.68,572.16,461.26,811.64,524.0,612.27,498.48,497.67
5,528.69,362.76,505.75,371.36,603.06,688.18,667.44,851.0,515.65,572.16,461.27,811.68,528.49,612.64,499.21,497.67
6,528.79,362.47,504.99,371.37,602.04,687.3,667.45,851.11,514.71,570.82,461.25,811.1,532.4,613.08,501.49,498.02
7,529.31,362.45,504.41,370.89,601.47,686.23,667.84,851.14,512.47,569.41,460.57,811.12,533.78,610.8,503.04,497.77
8,532.56,363.06,504.21,371.01,598.76,686.34,668.2,852.29,511.76,568.81,460.51,811.15,537.35,608.34,503.13,496.49
9,532.64,362.9,503.88,371.31,597.22,687.66,667.88,852.35,511.28,568.33,460.49,811.19,544.17,607.45,506.76,496.28
10,528.57,361.76,505.14,372.02,596.69,687.62,667.64,852.39,510.21,566.76,460.49,811.2,552.89,607.56,510.35,496.08
11,529.51,362.55,505.04,372.04,595.57,687.5,667.21,851.89,510.29,566.8,460.7,811.07,555.37,606.69,511.21,494.65
12,529.84,362.49,505.03,372.48,593.36,687.69,667.49,852.14,510.25,566.53,460.7,811.32,561.36,611.11,515.76,496.33
13,530.11,361.35,506.07,374.31,589.02,690.67,664.91,849.62,510.31,569.32,460.56,811.35,569.48,610.12,518.36,496.77
14,541.74,362.13,506.09,376.68,587.91,691.62,665.09,851.35,505.61,569.2,460.52,811.27,570.25,605.23,519.25,497.09
15,540.84,362.23,506.69,376.83,588.59,691.56,666.14,851.37,505.79,569.17,460.5,811.34,574.01,605.1,522.07,499.29
16,539.92,362.7,508.41,377.43,588.68,691.55,666.18,851.01,506.08,570.08,459.83,811.24,577.81,605.05,524.29,500.43
17,547.47,365.81,508.44,378.73,588.78,691.52,665.75,849.56,502.47,570.04,459.83,811.2,582.19,605.04,525.86,503.78
18,549.99,368.48,508.34,380.26,589.37,691.5,665.78,850.31,498.74,570.23,459.86,811.06,587.46,605.12,527.8,506.84
19,551.38,369.16,508.39,380.66,591.77,691.11,666.1,850.93,499.12,570.29,459.87,811.12,592.88,603.95,529.8,507.19
20,550.89,368.94,508.41,380.59,592.54,691.09,667.59,851.94,499.82,570.43,459.61,811.01,599.98,600.09,530.31,507.23
21,553.44,369.59,508.23,380.59,593.23,690.94,668.23,853.62,499.18,570.57,459.59,811.17,604.64,596.9,529.8,507.3
22,552.68,369.56,505.41,382.37,593.46,690.9,668.76,854.03,498.64,570.79,459.54,811.18,609.23,594.52,530.68,508.38
23,554.82,370.43,503.75,383.17,593.49,690.68,668.76,854.56,497.02,570.99,458.45,811.92,612.39,592.75,530.98,509.65
24,554.41,370.37,503.78,383.12,593.48,690.67,668.72,854.62,496.63,571.87,458.15,812.29,620.52,589.85,532.44,510.35
25,554.26,370.48,503.43,383.19,593.49,690.66,670.04,855.18,496.64,572.73,457.61,813.24,625.95,587.81,534.36,511.56
26,553.51,370.95,502.91,383.31,593.52,690.45,670.9,857.11,496.88,573.32,457.26,813.51,629.33,586.68,536.38,512.58
27,552.06,370.85,502.78,383.51,593.69,690.65,669.53,856.94,497.03,573.27,456.12,813.66,631.01,585.18,538.01,513.75
28,551.88,370.52,502.79,383.49,594.47,690.93,669.16,857.64,496.34,573.15,455.46,814.9,631.06,583.77,539.95,513.7
29,552.61,370.39,501.23,383.8,596.46,690.93,668.49,858.76,493.57,573.12,454.71,815.39,635.74,584.04,541.33,515.43
30,551.75,370.32,499.7,383.92,596.37,690.86,668.07,858.71,490.99,573.1,453.37,815.57,636.51,581.57,541.8,515.39
31,550.03,370.28,498.46,384.21,597.03,690.88,668.88,860.29,490.51,573.58,451.84,816.28,637.67,578.55,541.22,515.33
32,545.65,370.27,498.56,385.05,598.14,691.78,670.53,861.64,490.97,574.85,450.43,817.84,641.14,576.48,542.25,516.18
33,542.48,370.16,498.7,385.02,598.26,691.75,670.37,862.18,490.4,574.9,450.65,817.13,642.42,570.77,543.22,516.3
34,539.82,369.97,498.77,384.99,598.27,691.9,672.76,862.38,490.43,575.13,450.62,817.16,643.39,567.69,543.06,516.26
35,538.83,369.94,498.34,385.0,598.24,691.89,671.67,863.78,490.48,575.1,450.24,818.32,643.38,564.43,542.81,515.92
36,535.22,368.94,498.88,384.63,598.24,692.04,667.6,863.75,490.95,575.07,450.02,818.53,643.02,559.17,542.71,515.31
37,532.84,367.58,499.9,383.11,598.22,692.28,666.95,863.65,492.86,575.1,449.73,818.9,643.1,555.46,542.75,512.02
38,524.59,366.39,501.69,383.61,597.72,692.44,660.92,863.48,496.05,575.1,448.73,820.1,642.79,554.31,541.46,510.49
39,523.51,366.0,502.24,383.09,597.09,692.35,654.51,860.41,496.15,574.99,448.21,820.15,643.91,553.15,540.78,508.53
40,523.55,365.75,502.5,382.13,596.8,692.32,655.56,860.53,496.27,574.75,447.7,820.77,646.49,551.28,540.92,507.59
41,520.93,364.09,502.87,381.74,596.68,692.32,655.88,860.68,496.48,574.38,444.87,824.37,646.78,546.97,540.81,506.38
42,522.05,364.13,502.84,381.75,596.62,692.68,656.15,860.82,497.2,574.73,445.64,824.28,650.88,544.02,542.58,506.53
43,529.27,364.92,502.13,382.2,596.51,692.72,658.63,860.04,497.18,574.87,445.82,823.8,650.55,539.7,542.55,507.26
44,529.32,365.08,502.34,382.26,596.52,692.83,662.14,859.7,497.62,575.1,446.33,823.63,650.48,537.78,542.57,507.31
45,529.74,364.97,502.69,380.51,596.49,693.11,662.2,859.5,497.6,575.02,446.46,823.96,650.25,535.65,539.76,506.98
46,529.76,364.9,502.64,380.11,596.49,693.79,662.52,859.51,497.64,575.09,446.57,823.77,647.81,534.3,537.51,506.29
47,529.0,364.77,503.13,380.09,596.38,693.7,667.24,864.53,499.14,575.33,446.99,823.49,647.35,533.3,537.57,505.81
48,528.33,364.35,503.16,380.11,596.4,693.31,667.1,863.7,499.48,575.44,447.18,823.23,646.69,531.61,537.57,505.69
49,529.28,364.23,502.93,380.04,596.1,692.98,666.99,862.34,498.67,575.37,447.47,822.94,645.19,530.68,536.51,505.76
50,529.29,364.17,503.16,379.64,595.96,692.98,665.89,860.17,498.86,575.52,447.68,822.32,641.7,529.53,534.79,504.95
51,529.32,363.92,503.45,379.48,595.89,692.97,665.37,858.39,498.53,575.38,447.78,822.25,637.51,528.76,533.23,504.06
52,531.8,364.07,502.79,379.23,595.88,693.09,665.72,858.47,497.36,575.31,447.85,822.21,635.98,526.77,531.56,502.85
53,531.9,363.94,502.68,378.68,595.88,693.17,667.49,859.68,497.25,575.22,447.88,822.44,635.42,525.33,531.46,501.86
54,528.11,363.57,503.8,378.23,595.9,693.47,667.89,860.28,499.48,575.28,447.91,822.44,635.45,524.18,531.7,501.27
55,527.53,363.43,504.19,376.53,595.7,693.5,667.93,860.33,500.09,575.29,448.5,822.4,633.2,522.08,527.1,499.47
56,529.19,363.58,504.38,376.12,595.7,693.37,667.79,860.65,500.59,575.33,448.55,822.6,631.95,521.08,526.14,499.48
57,527.57,363.3,505.26,375.97,595.61,693.34,667.86,859.77,500.71,575.01,448.71,822.6,630.44,520.62,524.23,499.25
58,531.33,363.7,505.23,376.01,595.71,693.32,667.84,860.39,500.67,575.01,448.98,822.68,629.26,519.58,523.12,499.19
59,530.46,362.61,505.52,376.18,595.82,693.29,667.46,860.13,500.64,575.02,449.4,822.21,628.09,519.19,520.94,499.47
60,530.64,362.73,505.52,376.12,595.97,693.37,666.86,861.99,500.87,575.65,449.42,822.23,626.73,516.56,517.73,499.41
61,531.69,363.0,505.38,376.49,595.97,693.36,668.06,862.28,500.76,575.84,449.33,822.26,624.55,516.87,517.15,499.34
62,533.69,363.01,505.15,376.28,595.96,693.38,668.02,862.43,500.71,575.9,449.28,822.33,622.28,516.01,513.41,498.14
63,536.06,363.19,504.81,376.29,596.06,693.36,667.24,862.69,499.55,575.52,449.27,822.35,622.47,516.12,514.43,497.39
64,536.54,363.85,504.81,376.42,596.37,693.36,667.13,862.46,500.27,575.64,449.71,821.43,621.35,516.24,512.69,497.47
65,532.01,363.26,505.47,376.57,596.37,693.41,665.87,860.96,501.7,575.73,450.19,820.59,621.44,516.57,511.29,497.54
66,531.65,362.87,505.48,376.61,596.36,693.36,666.54,862.25,502.05,575.77,450.2,820.67,618.83,517.18,510.52,497.55
67,533.02,363.1,505.24,376.58,596.2,693.66,666.43,862.33,501.9,576.04,450.03,820.68,613.99,517.66,508.39,496.41
68,534.48,363.56,504.52,376.62,596.2,693.81,665.06,862.68,501.88,576.77,449.98,821.77,613.05,518.33,507.11,496.21
69,535.05,364.28,503.62,377.21,596.48,694.04,663.66,863.05,502.14,577.82,449.9,822.53,609.31,518.77,505.18,496.77
70,533.73,363.48,503.63,377.09,596.6,694.08,663.76,864.16,502.48,577.82,449.9,822.43,608.12,519.57,503.95,497.12
71,528.91,363.16,505.12,376.5,596.72,694.86,663.8,864.13,504.33,578.19,449.99,822.49,605.74,519.62,501.59,496.7
72,530.6,363.37,504.76,376.4,597.06,695.03,663.82,864.13,505.44,578.49,450.08,822.98,602.88,520.36,499.91,496.68
73,542.37,365.12,502.55,376.41,597.44,695.05,663.94,864.34,502.6,578.54,450.2,823.13,599.64,523.23,496.67,496.48
74,544.98,365.17,502.38,376.09,598.31,694.71,664.22,863.0,502.55,578.54,450.04,823.55,599.76,526.67,497.22,496.92
75,544.78,364.69,503.88,375.91,598.4,694.58,663.79,862.44,504.73,578.8,450.21,822.66,599.38,528.44,497.74,496.75
76,544.45,364.78,503.7,375.91,599.09,694.57,663.78,862.41,504.81,579.06,450.22,822.64,598.84,530.8,497.68,496.96
77,547.26,365.55,503.9,375.65,599.73,694.51,665.63,863.83,504.77,578.92,450.21,822.64,596.7,531.61,496.2,496.88
78,546.3,365.54,503.86,374.04,600.07,694.46,665.65,864.42,504.89,578.7,450.21,822.49,597.29,533.61,496.1,496.89
79,545.77,365.75,503.56,374.07,600.94,694.59,665.97,865.32,506.43,579.57,450.66,822.6,595.69,535.86,495.7,497.46
80,545.51,365.61,503.7,374.0,600.96,694.59,666.16,865.37,507.4,579.53,450.81,821.76,595.13,537.12,494.68,497.34
81,545.98,365.67,503.71,373.17,600.97,694.63,666.63,865.32,507.06,579.55,450.85,821.47,595.15,540.64,494.87,497.35
82,545.67,365.69,503.73,372.3,600.91,693.81,667.13,864.85,506.65,579.19,450.82,821.09,592.54,542.44,493.82,496.23
83,546.23,366.5,503.99,372.09,600.98,693.36,667.17,870.45,506.6,579.18,450.88,820.55,589.7,544.42,492.86,495.64
84,544.87,366.5,506.55,372.13,601.72,692.35,666.23,863.34,508.9,579.08,451.64,820.7,589.41,546.84,492.86,495.52
85,547.78,366.95,506.5,371.07,601.87,692.18,665.72,862.3,508.75,578.52,451.75,820.17,588.81,548.79,492.83,494.64
86,544.06,366.25,507.02,371.5,602.85,691.98,667.49,862.5,508.64,578.45,451.91,820.17,589.36,550.67,493.18,494.93
87,544.28,366.21,506.97,371.53,602.86,691.32,667.43,862.47,508.63,578.55,451.91,820.29,589.3,551.35,493.09,494.89
88,543.08,366.19,507.39,371.61,603.42,690.97,667.7,863.14,508.57,578.83,452.29,819.95,588.77,552.3,493.16,494.9
89,543.2,366.26,508.33,372.29,603.4,689.86,667.22,862.75,508.03,578.86,452.36,819.66,588.6,556.4,493.54,494.92
90,542.35,366.26,508.95,372.99,604.42,689.85,667.37,862.84,508.01,579.68,452.6,819.46,588.63,559.53,493.73,495.25
91,542.87,366.27,508.9,373.09,604.62,689.88,667.37,862.46,507.79,579.75,452.77,819.35,588.1,562.4,494.04,495.43
92,547.35,366.69,509.45,373.22,605.37,689.89,667.83,862.45,507.98,580.45,453.14,818.86,586.89,563.87,494.23,496.13
93,552.11,367.82,509.27,374.26,605.25,689.92,667.87,863.21,505.36,580.62,453.11,818.87,585.8,566.19,494.61,497.8
94,556.83,368.07,509.16,374.26,605.23,689.96,668.48,863.71,503.4,580.36,453.26,818.82,583.4,567.64,495.32,497.92
95,555.59,368.46,509.11,373.94,605.2,690.01,668.37,863.66,503.49,580.33,453.42,818.62,582.94,569.54,495.56,498.14
96,555.16,369.31,508.37,374.0,605.75,690.03,668.87,863.66,503.56,580.32,453.71,818.64,580.93,571.19,495.63,498.25
97,555.57,370.21,508.35,374.31,605.74,689.98,669.11,863.66,503.55,579.98,453.73,818.38,580.96,572.45,495.83,498.71
98,557.16,371.3,509.2,374.31,605.96,690.17,669.08,863.72,504.75,580.13,453.73,818.13,580.72,572.81,496.27,498.7
99,557.18,371.72,509.8,374.33,605.95,690.32,667.75,863.38,505.83,580.23,453.77,818.01,580.94,573.11,497.16,498.69
100,559.76,371.83,510.09,374.36,605.94,690.33,667.89,863.38,505.69,579.84,454.1,818.21,580.68,573.21,498.27,498.9
101,567.04,372.82,510.29,375.08,605.91,689.93,668.48,863.27,502.88,577.4,455.04,818.2,580.74,573.43,498.91,500.09
102,565.2,372.78,510.3,375.11,606.34,689.62,667.67,860.83,502.99,577.44,457.03,818.22,580.77,573.14,499.2,500.06
103,558.17,370.72,512.61,375.7,606.57,689.63,667.66,860.53,505.02,577.48,457.04,818.31,583.06,573.55,500.73,500.08
104,559.24,370.66,512.5,376.7,606.38,688.94,666.88,860.4,504.55,577.24,457.35,817.84,583.84,573.53,501.28,500.16
105,559.28,370.29,512.4,376.67,606.71,688.93,666.41,860.38,505.06,577.27,457.4,817.2,586.68,573.42,502.39,500.12
106,559.59,369.91,512.35,376.82,607.31,688.94,667.14,860.4,505.15,577.27,457.99,817.94,588.22,573.3,502.93,500.13
107,560.33,369.91,512.39,377.23,607.29,688.97,667.21,861.09,505.52,577.71,458.02,817.87,589.57,573.27,503.31,500.61
108,561.83,370.16,512.35,378.15,607.86,688.98,668.56,861.25,505.54,577.8,458.04,818.24,591.13,573.18,503.97,501.54
109,562.6,370.43,515.37,378.12,608.06,689.19,668.62,861.27,507.34,578.01,457.57,818.3,592.82,573.15,505.99,501.76
110,565.29,371.39,515.21,377.72,609.29,689.26,668.81,861.45,507.05,577.44,457.15,818.41,593.13,573.12,506.75,500.48
111,565.21,371.47,516.64,377.7,609.64,689.33,669.25,861.61,507.12,577.45,457.2,818.14,594.7,572.98,509.2,500.42
112,564.39,369.85,517.43,377.74,610.82,689.34,669.15,861.75,508.46,577.34,457.5,818.25,595.7,572.85,510.61,500.71
113,563.41,369.86,518.01,378.78,611.96,689.36,669.17,861.77,509.55,577.48,457.36,818.19,595.87,572.67,511.03,500.95
114,562.05,369.36,518.3,378.59,611.96,689.49,669.72,861.58,510.1,577.49,457.62,818.19,596.0,571.74,511.07,500.89
115,561.48,369.16,519.48,378.47,612.64,688.92,669.72,860.73,511.59,577.4,457.87,816.99,596.68,571.47,511.77,501.0
116,555.4,367.39,520.8,377.04,614.22,688.93,674.54,861.17,515.13,577.63,458.53,817.01,596.9,570.98,512.74,500.01
117,555.4,367.01,521.58,376.8,614.27,689.04,674.52,861.15,515.64,577.64,458.73,817.02,596.86,570.35,513.22,499.75
118,555.65,367.06,522.85,376.56,615.23,689.04,674.72,861.16,516.11,577.7,458.84,817.03,597.15,569.88,514.3,499.57
119,553.95,366.97,524.62,376.45,615.35,689.26,674.64,861.11,519.97,578.44,458.83,817.04,598.43,569.82,514.75,499.59
120,553.51,366.64,524.61,376.21,615.58,689.01,674.52,860.65,519.35,578.41,458.8,817.05,598.72,569.79,515.62,499.71
121,553.86,366.61,524.53,375.55,615.63,689.0,675.52,860.54,519.44,578.42,458.79,816.48,599.0,569.65,517.23,499.71
122,555.62,366.67,524.35,375.37,615.94,688.98,675.4,860.64,519.1,578.46,458.88,814.56,599.78,570.23,517.26,499.68
123,557.56,366.94,524.25,375.81,615.84,689.0,675.1,860.51,519.0,578.46,458.39,814.47,600.26,570.21,518.05,499.53
124,557.61,366.01,523.93,375.61,615.84,688.48,675.04,860.25,518.78,577.11,458.38,813.86,600.17,569.0,518.08,499.3
125,557.67,365.97,523.85,374.93,616.11,688.45,675.23,860.24,519.1,577.42,458.4,813.48,600.54,567.94,518.35,498.89
126,556.63,365.55,523.8,374.5,616.21,687.91,675.18,859.27,519.66,577.43,458.28,813.13,600.58,566.78,519.73,498.05
127,553.7,363.27,523.7,373.8,616.19,687.69,674.7,859.13,519.54,576.97,458.1,813.1,600.56,566.08,519.6,496.95
128,553.0,362.45,523.65,373.68,615.95,687.71,674.52,859.73,519.45,576.97,458.11,813.13,600.89,565.68,520.57,496.41
129,553.86,362.48,523.44,373.01,615.75,687.35,673.87,858.6,518.81,576.18,458.06,813.06,600.86,564.65,520.52,495.63
130,555.46,362.39,522.84,373.02,615.74,686.96,673.83,858.46,518.77,575.12,458.15,812.92,600.92,564.36,520.67,495.28
131,555.44,362.39,522.23,373.01,615.56,686.95,673.83,858.34,518.74,575.14,458.16,813.12,600.91,563.62,520.24,494.52
132,554.24,361.79,521.29,372.44,615.21,686.84,674.05,858.49,518.71,575.17,457.85,813.13,600.68,562.79,518.72,493.9
133,555.45,360.88,520.41,372.06,614.84,686.8,673.27,858.32,518.62,575.13,457.85,813.14,600.91,562.61,519.26,493.96
134,555.45,359.74,519.2,370.53,614.81,686.65,673.95,859.4,517.63,574.13,457.85,813.0,600.33,562.29,518.5,491.84
135,555.67,359.51,518.6,369.37,614.8,686.41,674.41,859.91,516.76,574.17,457.81,812.87,599.92,561.64,517.55,490.79
136,555.64,359.28,518.59,369.09,614.61,686.41,674.09,858.14,516.95,574.37,457.77,812.48,599.82,561.11,517.46,490.42
137,553.41,358.63,518.6,366.58,614.5,686.27,674.56,858.4,516.61,573.87,457.74,812.24,598.85,560.43,517.11,488.53
138,552.53,357.69,517.57,365.72,614.38,685.94,674.45,858.82,516.61,573.71,457.78,812.22,598.21,559.45,515.47,488.05
139,548.88,356.36,517.23,365.54,614.17,685.64,674.5,858.83,516.47,573.24,457.86,811.91,597.54,559.0,515.29,487.62
140,549.09,356.34,516.76,365.34,613.58,685.36,674.49,858.85,515.95,573.26,457.95,810.47,597.27,557.86,514.73,486.96
141,549.34,356.42,515.4,363.8,612.96,684.44,674.95,858.37,515.8,573.13,458.16,810.37,595.21,557.25,510.84,484.89
142,549.31,356.24,513.33,363.42,612.64,683.91,674.99,858.1,515.33,572.67,458.34,810.03,595.29,557.04,510.8,484.34
143,545.62,355.11,512.84,360.91,611.22,683.58,675.02,857.82,515.17,571.4,458.67,809.43,595.24,555.82,510.67,483.68
144,543.79,353.48,513.0,360.71,610.53,683.52,675.02,857.87,515.32,571.42,459.02,808.61,594.69,554.73,510.42,483.58
145,542.3,353.63,511.71,360.9,610.19,683.13,674.9,856.03,515.29,571.44,459.79,807.71,594.47,554.57,510.31,482.22
146,542.04,353.38,511.08,359.88,609.34,682.94,671.94,853.71,515.66,571.45,460.36,806.3,592.75,554.15,507.98,480.97
147,542.47,353.31,509.5,359.47,608.82,682.75,674.26,853.91,514.36,570.24,460.8,806.09,591.91,554.13,507.58,481.02
148,542.19,353.1,509.72,359.39,608.09,682.71,672.39,851.81,514.37,570.12,461.38,805.51,591.98,554.09,507.7,480.73
149,541.27,350.99,506.91,359.1,607.58,682.7,673.1,851.75,514.46,569.39,461.59,805.16,591.78,553.44,506.64,480.63
150,536.74,349.51,505.86,359.16,607.43,682.33,674.3,851.56,514.48,567.39,461.74,803.85,591.49,553.02,505.52,480.61
151,535.35,349.36,502.63,358.37,605.95,682.26,674.94,851.64,513.96,566.98,462.22,803.42,591.54,552.84,504.51,480.61
152,534.55,349.43,501.38,356.05,605.5,681.37,674.59,850.72,513.73,565.37,462.7,803.17,591.43,551.62,504.08,479.45
153,533.63,349.41,499.59,355.24,604.74,680.72,674.2,850.88,513.74,565.44,463.23,802.98,590.51,550.62,502.34,479.05
154,531.01,349.4,497.79,354.08,603.76,680.63,667.84,847.25,514.36,565.57,463.21,802.41,589.65,549.36,502.04,478.75
155,530.24,349.46,494.08,353.44,603.66,680.34,667.76,846.2,514.09,565.34,463.26,802.22,588.84,548.53,500.94,478.81
156,530.73,349.48,491.45,353.24,603.01,680.48,667.84,846.4,512.3,565.05,463.25,802.26,588.73,547.81,499.47,478.82
157,531.14,349.44,489.15,352.25,601.75,680.4,670.72,846.47,510.2,563.55,462.92,802.41,588.09,547.51,497.97,478.43
158,525.22,348.37,487.87,351.96,600.31,680.12,670.9,846.65,509.92,563.58,462.91,802.16,588.07,547.26,497.71,478.42
159,524.2,347.73,486.21,351.52,599.91,680.27,670.1,845.35,510.02,563.26,462.89,802.11,587.96,546.74,496.66,478.24
160,525.17,347.89,484.4,351.46,599.08,680.27,669.83,844.94,509.3,563.06,462.44,801.41,587.85,545.99,496.19,477.71
161,521.02,345.76,483.83,351.02,598.95,679.36,669.83,844.59,508.41,561.91,462.3,800.98,587.86,545.36,495.8,477.73
162,520.87,344.97,482.8,350.27,598.21,679.31,669.75,842.02,508.46,561.61,462.3,800.42,587.87,545.2,495.69,477.65
163,516.37,344.99,480.4,349.92,597.71,679.18,669.4,841.28,508.54,561.36,462.31,799.94,587.86,544.45,494.36,477.53
164,514.53,344.74,478.89,348.95,597.43,678.68,669.36,840.99,508.93,560.7,462.33,799.17,587.29,544.36,493.57,477.28
165,508.18,343.68,476.35,349.04,596.88,678.29,669.27,841.18,508.68,560.76,462.39,799.07,587.19,543.27,492.68,477.28
166,509.32,343.79,475.26,348.37,596.14,678.12,668.75,841.23,508.54,560.47,461.96,798.97,586.53,543.06,492.06,477.05
167,509.22,343.06,471.86,347.3,595.35,676.55,668.82,842.26,506.68,558.37,461.96,798.6,585.2,541.97,491.34,476.25
168,510.31,343.14,468.98,347.37,595.41,675.95,670.43,841.74,504.38,558.13,462.03,798.52,584.91,540.98,490.16,474.51
169,509.84,343.34,468.3,346.77,595.21,675.73,670.02,841.3,504.61,558.02,462.03,798.3,583.78,539.8,488.39,473.75
170,508.45,342.98,466.76,345.9,594.12,674.76,670.04,839.74,503.93,556.19,462.02,797.89,582.59,539.2,487.83,473.01
171,509.02,342.99,465.88,345.38,593.1,673.57,669.24,830.46,502.83,554.73,462.3,797.11,581.68,538.64,487.21,471.75
172,509.03,342.87,462.57,345.22,591.64,673.5,669.52,830.85,501.32,552.95,462.19,796.8,581.27,538.52,486.61,470.86
173,508.51,342.9,460.98,345.28,590.8,673.16,670.68,836.42,499.82,552.65,462.16,796.31,580.73,538.31,486.11,470.59
174,508.68,342.91,458.59,345.31,589.58,673.07,670.72,836.29,499.35,552.76,462.16,796.27,580.16,538.28,485.9,470.23
175,508.36,343.2,457.49,345.34,588.97,672.65,670.84,834.77,498.95,552.87,462.13,795.79,579.99,538.25,485.4,470.01
176,508.46,343.27,456.35,344.23,588.13,672.29,672.36,840.27,496.46,551.54,461.99,795.27,579.01,537.58,483.81,468.55
177,504.86,342.68,456.19,344.12,587.12,672.15,673.46,840.89,496.52,551.56,461.99,794.85,578.53,536.82,483.39,468.51
178,505.22,342.56,455.74,344.79,586.54,671.64,672.27,837.98,496.02,551.06,462.0,794.54,577.75,536.61,483.46,468.52
179,504.88,342.49,452.92,343.46,585.27,671.61,675.1,839.78,494.81,550.72,462.0,794.41,577.04,536.45,482.5,467.53
180,502.06,342.36,451.92,343.39,583.75,671.55,676.06,839.35,494.96,550.63,462.03,794.26,576.76,536.32,482.2,466.97
181,500.79,342.33,450.85,343.2,582.56,671.18,676.47,839.36,493.99,550.27,462.03,794.02,576.29,536.18,482.18,466.77
182,500.0,341.36,446.92,343.08,580.32,671.0,676.89,840.43,492.43,549.73,461.96,793.13,575.13,535.94,481.15,466.54
183,499.5,340.76,445.18,342.99,579.37,670.13,677.16,841.34,491.75,549.41,461.96,792.41,574.62,535.73,480.28,466.51
184,498.86,340.08,445.09,342.64,577.85,668.52,675.98,840.69,491.56,547.56,462.11,792.02,573.01,535.33,479.66,466.0
185,499.11,340.1,443.7,342.79,575.87,668.51,675.75,840.13,491.56,547.04,462.18,791.67,572.24,535.09,479.69,466.0
186,499.31,339.94,441.89,342.79,574.45,668.56,676.06,839.21,491.58,546.82,463.22,791.16,571.46,534.16,479.04,465.37
187,499.45,339.95,441.7,342.25,572.26,667.88,676.03,836.35,491.33,545.08,463.21,790.85,571.27,533.58,478.38,464.28
188,499.57,340.34,441.01,342.13,572.25,667.62,676.06,834.87,490.19,544.84,463.43,789.65,570.55,533.26,476.0,463.6
189,497.16,340.22,439.69,341.12,572.07,667.65,675.66,833.56,490.27,544.35,463.62,789.01,570.28,532.64,475.69,462.43
190,497.19,340.22,438.25,340.91,572.07,668.26,675.42,833.42,489.98,544.06,463.62,788.53,570.22,531.84,475.04,461.67
191,492.76,338.42,437.44,340.17,571.45,668.1,675.52,833.07,490.02,543.65,463.63,788.47,568.21,531.44,474.54,461.03
192,491.35,337.17,435.65,340.11,571.27,668.25,676.93,833.24,488.49,543.62,463.64,788.5,567.76,531.12,474.39,460.91
193,488.94,336.01,433.53,340.19,570.92,668.91,676.92,833.3,487.43,543.3,463.63,788.53,567.9,531.01,474.48,460.92
194,489.55,335.23,432.08,340.11,570.28,668.95,676.9,833.39,487.2,542.9,463.47,788.52,567.51,530.95,474.32,460.85
195,489.76,334.94,429.49,339.41,568.91,668.58,675.37,830.87,485.78,541.37,463.4,788.52,567.25,530.76,472.33,459.85
196,490.09,334.89,428.45,339.0,568.48,668.76,674.63,831.02,484.3,540.45,463.19,787.31,567.05,530.28,470.77,458.45
197,488.82,334.9,427.72,338.61,567.63,669.22,672.43,829.01,483.56,539.91,463.01,786.72,566.41,529.24,469.56,455.63
198,488.1,334.0,426.78,338.83,566.6,669.49,672.68,829.2,482.09,539.47,462.9,786.73,566.35,528.7,469.52,455.2
199,488.01,333.44,427.05,338.54,566.73,669.92,672.34,826.6,482.37,539.54,462.89,786.76,566.35,527.76,468.96,454.6
200,480.57,332.22,427.4,339.5,565.7,670.31,670.75,822.96,482.59,539.61,463.03,786.49,566.15,527.52,469.2,455.36
201,481.65,332.18,425.83,339.51,565.42,670.12,671.8,823.78,482.18,538.87,463.39,785.52,565.65,527.03,469.15,455.4
202,481.92,332.22,425.36,339.29,565.27,669.19,671.83,823.51,481.93,537.96,463.64,784.8,565.11,526.36,469.13,454.73
203,480.45,331.55,425.65,337.82,564.25,668.2,674.04,821.94,482.07,534.9,463.62,784.54,563.81,525.49,468.78,453.57
204,480.25,331.19,425.45,336.83,563.06,667.65,675.34,818.7,482.17,534.32,463.65,783.93,563.79,524.79,468.31,452.15
205,480.06,330.86,424.16,336.41,561.8,667.66,675.32,816.74,483.24,534.52,464.09,783.42,563.86,524.47,468.36,451.52
206,480.09,330.46,423.34,336.97,561.52,667.35,675.31,817.27,483.11,534.66,464.44,782.94,563.75,524.1,468.38,451.52
207,476.24,328.66,422.48,337.09,560.81,667.22,676.52,813.69,483.3,534.56,464.77,782.12,563.71,523.79,468.74,451.62
208,476.79,328.55,420.28,336.42,560.31,667.25,676.49,813.83,482.5,534.17,464.99,781.4,563.63,523.09,468.67,450.78
209,477.01,328.39,418.09,335.59,559.14,666.91,676.41,814.08,480.58,532.32,464.99,781.18,563.25,522.41,466.97,449.1
210,477.48,327.82,417.85,334.07,558.44,666.89,676.39,813.53,480.69,531.49,465.15,779.76,563.18,521.84,466.76,446.93
211,476.73,326.8,417.04,334.18,557.89,666.82,676.83,813.65,480.55,531.6,465.15,779.4,562.97,521.52,466.75,446.84
212,477.9,326.87,415.75,334.15,557.25,666.39,676.34,812.12,480.34,530.86,465.35,779.46,562.65,520.93,466.74,446.02
213,478.01,325.57,415.97,334.19,556.39,666.37,676.51,811.83,479.4,530.96,465.45,778.54,562.56,520.64,467.54,445.74
214,473.1,325.01,416.1,332.77,556.05,666.37,675.6,811.22,479.48,530.69,465.56,777.97,562.07,519.62,466.79,443.66
215,470.44,323.75,416.03,331.39,554.84,664.97,674.41,810.46,479.54,528.22,465.69,777.91,562.03,519.24,466.09,442.82
216,470.82,323.46,416.12,330.21,554.62,664.33,674.52,810.67,479.79,528.26,465.82,777.19,562.02,518.98,466.12,442.32
217,469.96,322.33,415.81,329.59,554.63,663.83,674.88,810.89,479.63,528.22,466.52,776.27,561.9,518.17,465.56,441.77
218,468.06,320.83,415.84,329.18,554.09,662.53,674.98,810.98,479.01,528.14,467.0,774.85,561.81,517.54,465.54,440.72
219,468.69,320.31,415.58,329.12,553.41,661.83,676.02,810.96,479.05,527.98,467.36,773.65,561.81,517.47,465.58,440.96
220,468.91,320.1,415.52,327.54,552.7,661.55,675.44,808.17,479.13,526.94,467.79,773.16,561.59,517.12,465.18,439.85
221,468.88,318.66,415.23,327.33,552.36,660.5,675.08,807.08,479.05,525.9,468.07,772.74,561.49,516.87,465.26,439.2
222,469.06,318.3,414.91,326.83,551.81,659.29,674.75,804.88,478.33,525.1,468.17,772.58,561.35,516.56,465.28,438.77
223,472.43,318.1,413.75,326.96,551.09,658.22,676.69,805.59,478.13,525.2,468.23,772.41,561.39,516.47,466.46,438.93
224,474.43,317.45,413.57,326.55,550.84,656.88,676.45,803.99,478.13,523.97,468.23,772.03,561.32,515.91,466.73,436.63
225,474.49,317.13,413.58,326.2,550.05,655.72,673.14,801.06,478.14,523.42,468.37,771.74,561.05,515.0,466.68,436.89
226,474.18,316.63,413.6,325.22,549.87,655.36,673.42,800.22,477.93,522.07,468.57,771.29,560.67,514.4,466.64,436.87
227,474.96,315.91,413.39,324.08,549.5,653.33,674.23,800.82,476.5,520.76,468.79,771.19,560.19,513.95,466.48,436.25
228,476.37,315.81,413.28,321.97,549.26,652.35,674.16,801.27,476.45,520.0,468.85,770.87,559.96,513.04,465.47,435.3
229,476.89,315.44,413.29,319.91,549.2,652.53,678.19,801.61,476.4,518.92,469.24,769.74,559.65,511.81,464.38,432.64
230,476.79,315.04,413.3,319.78,549.19,651.94,678.92,799.57,476.53,519.05,469.32,769.1,559.58,511.06,464.07,432.35
231,476.74,313.88,413.5,319.62,549.15,651.02,678.8,798.99,476.67,519.01,469.43,768.54,559.51,510.35,464.45,432.61
232,476.76,313.78,413.69,319.42,549.14,649.25,678.72,796.45,476.72,518.67,469.44,768.01,559.55,510.25,465.31,432.66
233,477.31,312.92,413.71,318.46,549.17,648.79,679.75,796.42,476.74,517.46,469.44,766.95,559.49,509.9,465.31,432.23
234,477.29,311.59,413.71,317.64,549.06,648.09,678.8,796.59,476.66,514.87,469.68,766.36,558.92,509.13,465.34,431.15
235,475.13,310.57,413.78,316.19,549.06,647.55,678.93,796.17,476.96,514.95,469.68,765.81,558.71,508.66,465.0,430.27
236,476.37,309.28,413.7,314.14,549.11,646.58,678.9,796.37,476.38,514.05,469.75,765.53,558.44,508.09,464.22,428.31
237,476.98,308.82,413.7,312.94,549.17,646.02,678.86,795.7,476.4,513.26,469.97,765.03,557.98,507.55,464.13,427.01
238,480.17,308.93,413.68,310.82,549.39,645.5,678.83,794.47,476.3,512.39,469.98,764.32,557.74,507.05,463.4,426.15
239,481.99,308.94,413.34,310.45,549.58,645.36,676.04,794.01,476.22,512.18,469.92,763.58,557.42,506.69,462.37,425.47
240,482.22,308.99,413.36,310.22,550.16,645.31,675.97,793.84,476.26,512.21,469.78,762.75,557.24,505.94,461.77,424.51
241,483.65,308.86,413.58,309.95,551.01,644.6,675.93,793.77,476.12,511.84,469.77,761.54,557.1,505.89,461.8,424.78
242,484.03,308.42,414.98,309.5,551.12,644.58,675.94,792.82,476.17,511.19,469.77,761.34,556.93,505.76,461.83,424.85
243,485.48,306.8,415.45,309.59,551.14,644.54,675.95,790.15,476.25,510.94,469.75,760.98,556.91,505.7,463.86,425.21
244,487.44,306.87,416.87,307.28,551.43,644.69,676.21,787.2,476.4,510.28,469.95,760.05,556.79,505.07,463.25,424.18
245,488.9,305.88,417.37,306.58,551.75,642.92,675.59,787.58,475.69,509.46,469.95,759.02,557.1,505.04,463.6,424.03
246,489.65,305.75,418.26,306.36,552.29,640.24,675.41,788.03,475.62,508.92,469.94,758.13,556.91,504.91,463.6,423.87
247,492.37,305.84,418.44,305.71,552.88,639.43,672.94,788.28,474.55,507.77,469.93,757.68,556.93,504.83,463.6,423.79
248,493.3,304.88,418.98,303.66,553.52,638.44,673.31,788.54,474.52,506.55,469.91,757.09,556.8,504.31,463.61,423.19
249,494.12,304.56,419.48,303.12,554.32,636.91,673.4,788.64,474.02,506.58,469.86,756.32,556.54,504.11,463.55,422.76
250,494.11,304.2,420.11,301.83,555.15,636.84,673.63,788.69,473.46,506.09,469.78,755.24,556.43,504.03,463.52,422.36
251,496.94,304.26,420.39,299.28,555.12,636.3,673.58,788.25,472.72,504.69,469.47,754.77,556.44,503.2,462.41,420.12
252,497.94,302.95,421.71,296.89,555.85,636.24,673.59,787.97,472.93,504.62,469.7,754.66,556.27,503.0,462.33,419.72
253,502.06,303.02,422.65,296.21,556.47,636.37,673.62,789.51,472.79,504.43,469.76,754.32,556.23,502.55,462.34,418.51
254,504.9,303.06,426.12,296.75,556.95,636.39,673.78,789.54,472.54,504.59,469.9,754.17,556.3,502.68,463.41,418.68
255,507.19,303.09,426.99,296.11,557.16,635.63,673.8,789.07,472.5,504.46,470.15,753.97,556.13,502.54,463.36,418.3
256,508.25,303.01,428.84,296.11,557.27,634.64,674.13,789.63,471.58,504.2,470.32,753.86,556.63,502.54,464.85,418.4
257,509.13,302.61,430.62,296.0,557.18,632.23,674.49,790.82,471.0,503.74,470.63,754.04,556.08,502.55,465.07,418.49
258,511.94,302.47,433.48,295.66,557.15,630.96,674.55,790.67,471.03,501.86,470.98,754.06,556.05,502.19,465.46,417.76
259,511.63,301.74,434.6,295.79,557.1,630.27,673.83,787.52,471.47,501.99,471.41,754.1,556.05,502.19,466.95,417.77
260,515.83,301.75,436.11,292.9,557.08,629.0,673.85,787.58,471.99,500.66,471.81,754.16,555.57,500.89,466.89,414.92
261,515.22,300.94,439.87,291.6,556.77,626.75,673.21,784.48,472.01,499.63,471.94,754.23,555.39,499.94,467.09,413.84
262,516.54,300.28,441.26,290.57,556.75,625.25,673.42,782.87,472.22,498.99,471.85,754.25,555.25,499.69,467.32,412.61
263,518.41,300.19,443.54,289.93,556.73,624.75,673.67,782.39,472.27,498.42,471.48,753.91,555.24,499.22,467.91,412.07
264,517.5,299.49,446.74,289.51,556.72,624.86,673.69,782.26,475.27,498.26,471.21,753.84,555.26,498.34,468.21,412.11
265,519.6,298.62,446.87,289.0,556.81,624.64,673.63,782.45,475.25,497.53,470.9,753.0,555.74,498.21,469.09,411.64
266,524.57,298.82,449.15,287.65,557.17,624.69,673.09,783.04,475.79,497.6,470.05,752.79,556.59,497.37,469.7,409.63
267,528.95,300.12,450.18,287.03,558.0,624.54,673.93,782.35,476.68,497.65,469.37,752.1,557.75,496.39,471.11,408.56
268,529.37,300.18,453.07,285.56,558.74,624.58,675.19,782.42,478.59,497.7,469.0,751.16,558.58,495.65,473.38,404.98
269,527.8,297.43,457.56,284.96,559.28,624.66,676.35,782.08,482.18,497.76,468.99,750.28,561.63,495.63,478.51,405.59
270,530.72,296.65,459.77,284.67,560.68,624.7,676.54,781.88,482.68,497.47,468.54,749.54,561.71,495.49,478.24,404.8
271,531.16,296.23,461.97,283.71,560.78,624.72,677.73,782.01,482.44,496.44,467.39,748.07,562.68,495.12,479.52,404.03
272,534.08,296.28,465.22,283.5,561.4,624.78,677.32,782.69,483.7,495.45,466.56,747.38,563.87,494.29,480.24,403.77
273,533.73,296.3,468.35,283.09,561.52,624.72,677.33,782.64,483.6,495.14,466.44,746.14,565.2,494.18,483.05,403.89
274,534.26,294.7,472.68,283.14,561.54,624.71,677.25,780.22,485.34,494.78,466.13,744.71,565.65,493.98,484.46,403.7
275,540.42,294.44,479.65,283.22,561.51,624.66,678.83,779.25,486.89,494.63,466.15,742.91,566.1,493.8,484.8,403.6
276,543.19,294.52,481.26,283.23,561.54,623.42,678.04,778.5,486.56,494.56,466.16,743.2,568.22,493.82,488.08,404.51
277,541.39,293.59,487.3,283.27,561.52,622.1,675.3,777.15,487.1,494.17,467.51,742.74,569.65,493.43,490.26,404.56
278,543.23,291.61,488.48,281.7,561.5,621.76,671.57,776.2,487.21,493.25,469.32,742.91,569.72,492.99,489.88,403.16
279,552.41,291.81,491.36,281.4,561.54,621.11,666.66,776.3,487.88,492.84,469.78,742.47,570.41,492.44,491.54,403.3
280,552.34,289.89,493.67,279.71,561.5,620.23,666.88,776.45,488.67,490.99,470.17,741.47,570.2,490.33,491.7,401.66
281,551.91,287.41,496.62,277.85,561.51,620.36,665.88,776.72,490.45,490.61,470.52,741.36,571.43,489.95,492.6,401.24
282,550.86,284.65,504.1,276.47,561.52,620.26,666.15,775.71,492.31,490.54,470.8,740.48,573.74,490.01,495.69,399.68
283,554.18,283.34,508.09,275.56,561.65,618.49,666.38,775.55,492.69,489.22,470.87,738.37,575.46,489.95,498.52,399.83
284,562.69,283.94,514.81,275.65,561.65,617.17,665.69,772.94,492.7,488.44,470.75,738.06,577.44,489.8,503.82,400.65
285,560.2,281.48,516.66,275.77,560.54,614.44,665.57,767.28,495.7,487.91,471.94,734.0,577.16,487.37,503.63,399.75
286,566.45,282.07,515.82,275.58,560.17,612.33,663.56,765.4,495.64,486.87,472.41,733.09,576.99,485.81,504.49,398.73
287,574.94,282.48,514.81,275.6,560.13,609.59,663.83,764.45,495.75,484.04,472.43,730.97,577.67,484.54,505.96,398.7
288,578.41,282.69,521.83,275.49,560.26,608.97,663.96,763.17,496.55,482.24,472.46,730.98,578.04,482.72,508.74,394.93
289,577.48,281.98,523.45,275.84,560.26,607.07,663.95,764.02,496.16,478.42,472.45,730.64,579.75,482.06,510.44,394.67
290,574.57,278.36,534.82,276.72,560.56,607.02,663.94,763.78,497.35,477.62,472.64,729.66,581.78,480.71,515.35,394.99
291,579.76,278.75,541.57,278.96,560.56,606.41,663.05,762.98,499.21,477.73,472.65,727.79,581.89,479.83,515.61,395.12
292,577.84,275.81,546.28,280.3,560.55,606.52,661.6,762.49,501.15,477.13,473.09,726.68,585.92,479.9,519.21,395.32
293,585.19,276.56,547.91,284.67,560.82,606.59,660.02,761.98,501.4,477.31,474.21,725.6,586.98,479.15,519.88,395.44
294,589.66,276.9,551.12,286.49,561.04,606.81,660.09,762.39,502.14,477.48,474.45,724.35,589.27,478.52,522.22,395.68
295,588.29,273.34,552.23,290.72,561.75,605.41,662.2,761.25,502.05,475.37,474.67,723.02,594.81,478.63,526.61,399.64
296,598.56,276.44,561.04,292.33,562.75,605.43,661.72,759.61,503.26,475.43,475.13,723.08,597.2,478.59,527.19,399.88
297,599.93,276.73,569.49,291.63,566.13,605.55,664.56,759.43,507.68,475.61,475.49,722.62,597.68,478.49,530.79,400.04
298,606.16,279.97,572.07,295.3,569.72,603.56,667.16,758.89,507.53,474.58,475.69,721.35,600.44,478.47,533.14,400.49
299,606.98,280.04,580.27,295.08,576.58,602.72,666.78,759.0,511.63,474.5,475.67,718.18,603.54,477.82,537.41,400.42
300,604.44,279.54,586.91,298.27,582.93,601.98,666.9,757.65,516.02,474.59,475.68,717.67,604.56,477.75,539.9,400.6
301,608.97,280.57,591.57,299.23,591.74,602.18,669.42,757.85,519.87,474.91,475.67,716.98,606.04,477.77,538.85,400.83
302,608.32,280.65,598.02,299.86,596.51,600.99,669.39,755.37,522.01,475.28,475.76,715.94,607.72,477.78,540.04,400.97
303,609.76,284.46,601.0,301.4,600.51,601.16,669.25,755.46,522.44,477.04,475.67,714.88,608.07,477.8,539.66,400.24
304,611.15,284.92,608.03,304.39,605.83,600.61,669.15,756.83,524.55,476.86,475.61,713.51,609.63,478.32,542.39,401.18
305,618.89,291.24,604.33,304.08,612.41,599.48,668.08,760.48,523.96,476.69,474.71,711.94,611.98,478.33,541.29,401.83
306,624.03,297.33,612.94,307.0,617.18,598.69,667.72,760.71,530.07,477.94,474.39,711.1,615.68,479.51,545.3,404.06
307,628.89,298.21,613.04,306.57,621.78,598.04,670.12,762.13,528.8,476.45,473.49,711.24,616.09,479.71,545.63,404.27
308,624.85,297.6,630.05,315.05,629.05,598.08,671.03,762.74,535.94,478.32,472.3,711.16,620.77,481.74,556.7,415.71
309,622.49,297.17,634.39,318.36,635.03,598.18,673.64,762.7,538.86,478.32,472.19,711.26,624.38,482.22,555.1,414.55
310,626.73,299.26,631.77,316.98,640.43,598.19,673.33,762.83,540.24,478.69,471.97,711.37,626.04,482.2,555.46,415.42
311,647.89,307.6,632.99,323.92,645.12,598.25,677.94,765.77,540.6,479.21,471.2,711.77,630.77,482.09,566.45,420.58
312,640.19,304.48,641.07,334.15,653.35,598.72,680.16,768.57,548.56,482.86,470.97,713.18,635.02,484.63,567.78,425.08
313,637.81,308.12,644.35,344.21,659.76,599.73,680.2,767.12,553.47,489.32,470.25,713.7,638.9,486.77,564.68,423.13
314,637.61,311.86,645.18,347.38,662.04,601.92,682.76,769.95,555.43,489.94,467.85,717.52,641.08,488.35,562.79,422.88
315,648.24,318.14,647.29,353.02,666.41,603.59,682.6,769.62,556.91,492.25,466.85,717.49,645.6,490.4,561.75,423.96
316,666.51,324.33,646.82,353.88,669.98,605.09,684.53,769.31,563.06,495.31,465.99,717.43,646.92,491.33,561.08,425.42
317,656.98,323.8,650.07,354.62,674.84,607.72,687.65,769.87,567.26,499.14,464.43,717.36,648.08,490.88,562.92,426.05
318,653.8,320.96,657.26,356.66,678.5,610.29,686.63,769.08,569.16,501.5,464.07,717.3,652.2,492.83,581.18,436.63
319,651.39,321.54,659.78,358.08,683.65,613.72,687.17,769.89,575.26,505.47,462.42,717.9,660.25,493.03,579.57,433.61
320,659.4,325.49,661.6,357.74,687.01,615.66,686.87,769.79,580.7,504.89,462.39,717.46,663.95,493.2,597.35,441.71
321,659.74,325.63,663.43,360.42,691.98,618.04,687.15,771.33,585.54,508.75,462.54,716.96,665.51,493.01,588.86,439.14
322,659.36,324.34,670.71,359.42,697.53,621.47,687.05,771.46,589.82,509.6,463.36,715.05,674.48,492.81,606.33,441.06
323,661.23,324.35,676.7,360.7,702.18,622.83,684.86,770.93,593.91,512.68,463.44,714.87,679.3,493.59,603.33,439.3
324,671.9,328.39,677.3,360.78,705.54,626.21,684.8,770.97,598.66,514.56,463.58,714.36,679.85,494.7,597.37,439.55
325,679.96,330.16,681.1,360.69,704.5,626.37,682.0,770.95,603.39,515.27,463.75,713.14,682.41,494.53,597.43,438.95
326,684.92,330.54,684.54,360.65,706.55,627.47,682.29,772.28,609.02,516.36,464.92,709.99,688.18,495.3,606.8,438.38
327,689.25,330.03,683.18,362.83,706.17,627.43,682.27,772.21,613.04,515.97,466.91,705.61,694.06,496.0,608.42,442.39
328,696.07,329.93,684.3,363.43,707.1,629.03,681.8,772.11,616.17,515.25,469.16,703.18,700.69,497.05,613.07,443.52
329,703.83,329.69,687.62,364.15,708.57,629.95,680.58,772.16,621.21,514.73,475.9,699.8,707.57,499.1,635.83,458.0
330,722.82,332.34,688.84,361.67,711.03,629.43,678.43,773.18,621.84,510.9,483.26,693.73,712.35,499.8,626.18,455.04
331,725.14,333.5,694.45,356.03,714.93,630.77,677.08,772.41,629.41,510.65,495.91,689.26,716.62,500.31,625.83,454.45
332,738.11,338.17,695.37,351.47,715.0,631.35,677.11,772.65,631.38,509.2,507.03,683.15,719.67,502.54,632.47,453.81
333,737.53,337.42,701.32,348.96,716.45,631.71,681.1,772.62,636.79,506.65,513.29,675.97,719.31,504.52,636.53,447.32
334,744.1,337.23,703.28,345.49,721.73,632.27,680.61,772.41,643.06,503.66,526.88,667.28,725.76,507.0,645.48,446.52
335,750.37,336.62,709.11,342.76,725.53,633.91,675.27,773.01,651.19,501.92,538.18,661.46,731.61,512.3,657.56,443.88
336,761.31,336.1,714.19,340.12,723.6,633.6,676.84,773.54,656.44,501.05,551.29,652.9,739.13,514.8,663.63,443.84
337,764.25,334.28,716.34,337.74,725.26,633.57,676.4,772.45,662.73,497.58,561.98,647.65,745.02,517.76,672.63,443.63
338,768.69,334.23,718.81,336.24,727.26,633.88,676.93,772.58,668.18,495.38,574.37,641.54,751.67,522.74,683.02,443.62
339,766.36,324.38,724.24,332.17,730.7,633.74,678.25,771.89,675.46,491.38,588.62,636.82,754.63,525.71,691.96,442.75
340,767.69,318.0,729.71,332.35,733.18,633.77,678.26,772.04,688.67,491.55,603.42,634.5,759.96,527.4,700.5,441.98
341,775.16,315.92,731.5,331.75,737.91,635.51,677.54,772.97,694.08,489.95,617.74,630.75,768.11,537.98,713.77,441.99
342,785.28,317.82,734.19,325.37,736.2,639.28,677.07,774.11,698.44,490.74,639.06,623.61,774.04,540.77,723.04,442.02
343,789.65,316.74,740.26,321.34,737.68,642.69,673.51,774.1,705.61,491.52,657.73,621.16,780.85,541.89,730.84,441.49
344,794.55,313.04,743.56,322.7,738.08,643.95,668.7,774.35,710.42,490.82,667.17,619.47,787.06,541.78,739.99,440.97
345,807.8,314.41,748.13,318.28,739.16,643.31,667.52,774.85,720.27,491.26,679.91,617.39,795.36,539.85,750.01,437.17
346,802.72,314.01,756.57,313.41,738.83,644.04,667.03,776.94,733.58,492.93,672.57,640.48,806.83,538.27,765.65,432.15
347,809.24,309.42,762.06,310.75,739.62,644.42,667.57,778.13,736.84,491.63,693.95,663.25,821.76,537.74,777.87,428.06
348,816.64,307.9,767.46,308.09,741.96,643.95,667.8,778.4,745.59,490.6,775.33,621.73,835.9,532.13,787.91,422.94
349,817.51,297.8,774.98,306.37,743.51,643.62,666.74,778.27,753.25,488.8,776.28,616.75,853.29,528.45,799.84,421.34
350,832.32,296.9,778.8,301.78,743.19,642.19,665.85,778.66,756.76,486.48,804.77,610.01,866.62,516.58,802.58,411.4
351,838.78,291.42,780.12,301.01,745.01,639.89,665.79,778.57,765.46,485.53,815.32,615.4,886.53,502.2,814.95,410.43
352,842.54,284.64,784.64,300.3,744.41,639.09,668.14,782.61,771.46,483.8,829.01,616.53,904.29,490.64,829.54,408.19
353,849.93,277.78,792.22,300.88,745.4,637.37,670.32,782.33,780.11,482.45,842.77,625.78,928.53,492.21,844.39,409.88
354,844.07,275.78,803.17,301.61,745.0,636.17,670.19,782.04,784.84,483.03,861.38,631.04,953.82,481.23,858.63,409.91
355,844.33,272.28,807.67,302.5,745.18,635.8,670.62,782.07,789.74,485.66,876.81,641.59,974.21,453.09,881.72,407.93
356,851.64,273.49,813.01,297.17,745.75,634.87,669.54,781.7,798.46,488.66,897.78,645.51,990.06,437.62,891.36,393.14
357,855.62,270.96,823.04,294.02,747.76,632.97,669.44,780.71,807.12,489.09,923.44,648.87,1010.59,422.63,908.82,379.71
358,866.26,271.1,829.68,287.02,749.22,632.23,667.63,779.99,814.26,488.15,947.43,650.97,1026.12,401.77,918.67,365.92
359,864.28,269.93,840.4,284.94,750.45,630.88,668.36,779.95,821.69,487.68,967.88,649.51,1043.55,379.63,941.68,352.88
360,888.58,270.0,845.44,282.79,754.61,628.1,672.22,779.67,826.69,486.49,991.63,648.21,1062.47,364.32,950.96,338.26
361,886.44,267.35,867.5,285.27,760.55,624.77,671.97,776.51,835.77,484.68,1011.76,646.19,1090.34,348.07,978.99,328.75
362,897.66,265.62,867.0,275.48,765.51,622.61,671.62,776.02,840.14,484.02,1033.0,640.68,1083.46,329.87,972.76,312.41
363,893.77,265.62,880.43,272.08,773.95,619.18,670.96,772.08,850.34,482.29,1054.08,633.37,1104.35,311.14,994.73,293.95
364,886.38,261.34,891.57,272.66,782.35,617.08,669.76,771.13,856.98,479.68,1070.9,627.58,1115.21,287.97,1008.72,278.99
365,918.09,261.61,878.24,263.3,790.79,615.74,669.8,771.28,862.56,477.09,1088.51,618.21,1124.3,272.32,1010.19,267.99
366,924.21,264.13,900.72,259.41,796.05,615.56,670.6,770.8,869.77,473.79,1104.59,614.53,1132.74,250.3,1021.08,242.5
367,954.75,264.02,886.69,252.76,804.43,615.77,672.52,766.82,873.37,469.72,1118.32,605.04,1141.0,233.47,1010.55,227.58
368,957.9,264.38,895.24,249.8,813.03,616.24,676.94,760.52,880.97,468.69,1125.1,596.78,1133.31,210.34,1013.76,214.79
369,972.98,264.1,896.39,245.88,821.97,616.66,687.67,756.13,885.67,466.75,1132.21,588.88,1132.31,190.43,1011.44,202.08
370,989.13,267.38,899.65,249.24,831.67,616.78,695.26,744.55,892.94,467.66,1138.47,582.36,1126.12,171.19,1005.07,195.39
371,993.71,269.49,903.1,251.74,841.14,618.82,709.61,740.02,900.73,468.04,1151.27,580.77,1132.8,150.23,1005.1,186.01
372,1008.24,277.02,906.47,256.02,851.81,621.16,727.66,730.62,910.02,471.81,1158.93,579.49,1124.31,133.44,1006.07,183.97
373,1018.68,278.99,917.98,253.11,863.53,622.42,743.44,723.8,917.76,471.84,1173.42,582.8,1122.73,118.4,1008.19,176.97
374,1030.88,284.72,931.13,252.62,873.44,624.54,757.22,710.39,926.18,474.94,1184.28,585.81,1121.3,104.97,1013.67,172.69
375,1040.5,289.54,936.1,253.29,883.11,626.03,778.35,710.46,933.32,477.79,1191.99,587.33,1121.01,90.66,1013.4,170.91
376,1044.21,294.15,946.67,253.76,893.47,626.82,793.29,704.07,942.02,480.55,1197.32,594.07,1109.94,81.98,1015.39,168.45
377,1062.97,298.03,955.29,256.62,902.83,628.59,805.53,691.27,951.08,483.79,1197.49,598.95,1100.33,75.29,1014.87,168.51
378,1075.64,305.09,966.58,269.89,914.25,627.87,827.9,699.42,958.64,485.2,1198.53,608.54,1083.08,72.65,1013.8,170.01
379,1083.58,309.27,970.72,273.25,920.56,629.16,840.32,704.37,965.89,489.03,1201.43,620.99,1074.49,66.74,1011.55,161.67
380,1089.82,312.02,977.06,271.98,929.08,631.18,849.59,708.24,974.16,490.56,1201.39,633.04,1064.31,59.3,1007.08,157.86
381,1101.02,314.62,984.34,273.65,937.7,634.0,851.85,709.27,981.09,490.18,1203.17,644.01,1052.48,54.28,997.56,157.8
382,1113.0,318.07,990.09,275.0,950.09,635.49,854.48,711.37,986.8,489.71,1204.74,657.38,1034.05,59.09,988.63,159.97
383,1116.21,319.44,992.78,279.08,958.47,639.31,852.1,718.04,994.04,490.71,1204.96,664.53,1015.92,61.08,980.49,161.05
384,1121.23,320.97,998.3,285.31,964.11,644.9,849.69,718.13,1004.48,495.19,1204.73,677.19,996.27,67.61,976.01,176.89
385,1126.07,324.65,1002.33,289.69,970.73,646.97,849.87,718.31,1011.95,500.14,1207.47,688.05,978.22,72.24,969.33,185.47
386,1136.59,325.32,1007.21,293.02,976.62,649.19,849.08,718.44,1021.61,504.39,1208.93,696.32,961.14,77.35,962.74,191.64
387,1137.47,333.98,1015.66,302.9,982.71,650.18,848.53,722.92,1030.41,512.2,1209.54,701.71,942.89,91.34,959.62,205.07
388,1143.88,335.61,1027.27,310.52,988.53,651.46,850.69,720.64,1042.32,519.99,1212.78,711.04,933.0,131.32,961.3,228.29
389,1145.31,339.49,1034.61,319.96,993.27,650.88,850.1,719.82,1050.2,524.63,1217.03,710.07,923.81,145.85,957.54,240.72
390,1158.12,345.61,1040.48,326.93,998.28,650.48,849.13,719.76,1057.68,526.66,1220.32,710.94,907.76,164.03,952.42,257.3
391,1157.71,347.54,1049.88,334.92,999.04,649.96,850.43,722.19,1062.82,534.48,1221.7,711.11,888.07,200.28,953.31,278.98
392,1154.55,348.61,1058.67,343.5,1000.36,649.68,852.1,722.18,1070.88,541.2,1221.8,710.92,894.98,261.64,963.72,311.12
393,1166.06,357.68,1063.81,348.35,1004.82,648.14,852.44,721.74,1077.46,543.86,1221.13,711.49,884.13,285.86,964.66,335.25
394,1169.03,359.7,1069.75,353.55,1008.05,646.02,855.22,721.73,1082.79,543.55,1221.83,709.45,880.24,317.39,977.33,360.23
395,1174.41,356.53,1077.45,359.35,1009.53,644.81,859.02,721.97,1087.87,542.35,1221.6,708.55,879.36,354.03,982.8,379.87
396,1168.85,355.57,1087.81,365.01,1014.15,641.95,865.75,721.03,1092.12,540.3,1221.6,708.05,886.49,394.73,994.99,402.72
397,1183.88,354.94,1092.33,368.74,1020.81,640.28,871.35,721.01,1097.07,539.79,1221.51,708.32,887.57,438.07,1008.48,424.3
398,1179.67,354.29,1101.07,367.43,1026.37,638.49,874.78,717.27,1103.06,539.57,1222.42,709.36,933.27,475.0,1034.2,436.98
399,1180.23,353.1,1107.61,367.2,1032.24,637.5,881.68,716.16,1107.78,539.05,1222.65,708.91,959.41,503.5,1050.37,449.56
400,1186.31,359.87,1111.54,370.16,1040.57,636.75,886.12,712.22,1112.1,538.31,1222.63,708.6,988.84,534.58,1065.45,461.02
401,1182.64,359.06,1118.96,371.96,1044.37,636.83,892.31,708.14,1118.88,536.91,1222.29,708.47,1033.88,558.23,1075.74,466.95
402,1182.5,341.39,1129.38,370.68,1045.86,636.04,901.79,707.25,1122.24,533.57,1221.96,709.15,1071.46,581.16,1091.89,474.32
403,1182.36,343.04,1129.65,369.31,1054.17,635.34,909.83,705.34,1119.61,530.98,1221.45,709.35,1104.88,571.13,1102.99,475.85
404,1183.3,342.55,1138.57,369.35,1060.78,637.78,920.12,701.83,1116.29,529.49,1221.4,709.23,1140.04,558.42,1114.67,473.01
405,1182.77,340.86,1147.18,368.44,1065.56,638.78,928.73,700.38,1116.36,524.63,1221.36,709.2,1173.44,556.16,1129.39,476.59
406,1187.24,340.6,1146.65,367.41,1071.06,641.77,930.34,699.39,1117.1,519.22,1221.33,708.88,1195.6,547.57,1144.09,473.45
407,1190.83,338.87,1156.02,358.98,1076.47,641.71,938.67,698.52,1121.39,516.2,1220.65,708.36,1213.09,529.36,1157.96,465.36
408,1194.32,339.03,1159.44,361.5,1081.01,642.25,946.53,696.3,1125.81,516.37,1220.42,708.34,1245.75,511.55,1180.47,472.7
409,1192.48,332.32,1167.88,359.71,1086.95,642.23,950.85,697.4,1128.09,514.87,1220.11,708.34,1259.59,493.76,1196.66,466.63
410,1192.12,326.87,1172.91,355.31,1092.89,642.13,959.38,698.23,1128.2,514.62,1219.81,708.71,1272.97,474.24,1212.39,461.56
411,1191.02,321.68,1176.7,344.63,1099.19,641.53,964.24,698.72,1128.69,510.78,1218.04,708.81,1285.16,462.15,1221.42,445.9
412,1177.8,316.98,1188.95,337.87,1102.99,639.35,968.98,700.92,1130.84,507.63,1216.45,710.55,1312.88,443.51,1240.5,429.41
413,1171.6,313.29,1192.05,332.14,1105.67,636.86,976.86,701.06,1133.72,506.81,1214.42,711.06,1330.9,435.73,1245.82,418.53
414,1167.61,307.97,1193.12,322.61,1111.73,634.43,979.6,704.99,1135.1,502.93,1212.72,711.48,1341.47,428.48,1249.34,407.58
415,1165.88,311.32,1201.34,324.17,1113.28,632.79,984.77,705.97,1134.07,501.87,1211.8,711.61,1348.67,420.56,1260.46,402.79
416,1167.6,307.41,1199.27,322.55,1118.21,630.98,990.57,706.87,1134.65,500.47,1210.59,711.6,1354.5,413.23,1262.09,398.78
417,1168.75,305.11,1197.77,316.34,1121.9,630.03,996.95,707.78,1137.19,496.94,1209.12,710.88,1356.84,406.5,1266.28,393.55
418,1170.34,303.98,1196.08,314.99,1125.28,628.72,1002.18,709.4,1140.31,496.56,1208.03,710.72,1357.95,402.44,1270.17,388.91
419,1174.15,304.08,1204.89,310.57,1135.32,621.44,1007.92,709.63,1144.02,491.43,1207.23,710.63,1351.84,397.41,1278.65,392.57
420,1174.42,302.78,1205.97,312.86,1144.79,616.24,1063.29,710.37,1147.3,491.19,1206.1,709.98,1352.93,394.7,1279.79,383.04
421,1177.42,295.63,1203.84,308.65,1143.08,617.38,1028.6,710.57,1147.71,487.09,1205.45,709.63,1347.04,390.64,1277.48,390.33
422,1178.05,291.59,1210.45,307.31,1145.94,617.99,1019.44,710.56,1149.33,482.53,1205.34,710.04,1340.27,390.5,1269.43,392.62
423,1181.72,293.84,1207.29,304.88,1146.86,617.98,1017.51,710.51,1150.79,481.75,1204.99,710.04,1336.13,390.85,1266.62,392.51
424,1181.41,291.74,1205.65,301.3,1149.73,617.36,1019.2,715.78,1152.58,479.43,1204.69,712.7,1332.21,392.61,1265.4,393.3
425,1181.37,293.61,1215.01,303.76,1156.49,617.5,1019.55,718.96,1158.15,480.88,1203.62,713.0,1322.13,391.74,1263.73,394.13
426,1190.5,294.53,1210.62,303.24,1157.15,617.96,1021.73,719.18,1156.8,479.19,1203.34,714.77,1305.82,392.72,1253.67,394.72
427,1183.79,295.15,1214.92,303.32,1160.69,618.27,1024.29,720.59,1160.6,480.48,1202.97,715.61,1303.63,394.49,1253.7,397.57
428,1185.76,295.75,1214.92,303.41,1162.17,618.42,1027.17,722.16,1164.22,481.27,1202.51,715.65,1300.64,395.54,1253.43,400.29
429,1185.43,296.13,1213.57,304.21,1166.53,617.98,1028.16,721.6,1165.37,481.66,1202.38,715.75,1288.86,396.14,1248.11,400.33
430,1185.2,294.69,1213.49,304.62,1169.14,617.07,1031.93,725.67,1165.22,480.86,1202.26,715.64,1278.79,391.72,1240.01,396.96
431,1180.82,290.08,1218.31,305.27,1170.51,617.22,1032.48,727.34,1171.47,481.1,1202.22,715.61,1266.52,385.52,1252.63,394.57
432,1176.11,290.2,1218.97,305.61,1172.46,617.73,1035.33,728.97,1174.63,481.15,1202.06,715.45,1271.34,387.61,1258.28,394.24
433,1176.2,290.87,1217.66,305.61,1173.66,618.34,1040.08,728.47,1174.54,482.73,1201.38,714.44,1266.62,388.21,1255.96,393.43
434,1179.18,291.01,1217.4,305.66,1175.71,618.58,1042.5,728.28,1175.52,483.87,1200.89,713.98,1259.3,385.39,1256.28,393.67
435,1178.95,291.25,1219.1,307.55,1176.23,620.49,1041.41,730.63,1176.36,486.65,1200.57,714.35,1251.6,385.48,1268.26,398.03
436,1179.41,291.52,1219.54,307.7,1176.29,625.23,1044.08,732.87,1178.29,487.55,1199.22,713.81,1249.77,384.83,1270.63,399.6
437,1178.16,295.08,1219.87,309.96,1177.08,627.6,1044.84,732.94,1177.71,493.15,1198.16,713.11,1244.74,384.54,1270.02,400.69
438,1175.43,295.2,1219.54,309.96,1177.33,627.98,1047.66,733.23,1177.55,492.49,1197.24,713.2,1251.88,385.04,1268.66,400.22
439,1178.44,297.43,1217.47,309.84,1178.03,628.21,1051.56,734.85,1177.46,492.6,1195.72,713.92,1255.47,384.62,1263.47,395.21
440,1181.68,298.65,1216.27,308.73,1179.26,627.89,1050.27,737.41,1177.04,492.52,1194.69,714.14,1256.15,384.86,1252.28,395.33
441,1181.59,298.89,1216.22,307.99,1181.06,627.78,1049.69,738.75,1177.58,492.25,1194.35,714.14,1266.84,390.3,1252.82,392.76
442,1174.78,297.99,1216.22,308.98,1182.97,627.69,1053.96,739.55,1179.1,492.99,1193.54,714.95,1268.31,387.42,1263.38,393.22
443,1175.01,304.38,1215.21,312.16,1185.75,628.0,1052.49,741.53,1178.74,496.64,1192.03,716.03,1273.65,387.7,1258.68,393.46
444,1171.78,304.91,1215.23,312.69,1187.84,628.03,1053.72,743.84,1178.71,496.98,1191.52,718.51,1273.13,385.21,1264.29,393.52
445,1173.14,308.17,1210.38,313.57,1187.41,629.43,1053.25,744.73,1177.38,497.68,1190.94,719.35,1281.19,385.27,1265.02,393.47
446,1170.39,307.73,1209.68,313.51,1188.2,630.4,1053.4,747.05,1177.35,498.24,1189.84,720.22,1285.49,385.37,1267.73,392.87
447,1170.99,309.65,1210.07,315.92,1188.9,630.9,1053.28,747.62,1178.25,500.05,1188.78,720.84,1284.99,385.27,1269.86,394.32
448,1168.89,310.15,1210.15,316.76,1189.02,631.63,1053.96,748.92,1178.5,501.59,1188.11,721.36,1282.98,383.26,1269.08,395.15
449,1179.3,309.93,1206.53,318.01,1189.52,631.85,1056.61,749.33,1177.81,503.23,1187.47,721.64,1280.89,378.68,1261.44,402.1
450,1178.85,309.54,1205.17,317.82,1189.91,632.12,1057.36,749.43,1175.52,502.9,1187.21,722.87,1280.52,376.9,1263.01,401.69
451,1181.25,309.55,1203.88,317.63,1190.61,632.06,1058.21,751.25,1175.6,503.42,1186.58,722.72,1279.77,372.05,1258.85,404.13
452,1186.75,309.55,1201.09,317.51,1190.54,632.27,1060.62,754.13,1173.77,503.07,1186.35,723.19,1279.58,370.0,1254.22,406.3
453,1185.87,310.29,1201.23,318.23,1190.39,632.68,1066.27,757.27,1172.14,502.9,1185.72,723.36,1278.91,363.55,1264.2,405.38
454,1185.25,312.15,1201.83,319.64,1190.67,633.35,1068.28,758.27,1170.47,503.22,1184.69,723.68,1278.72,358.92,1269.84,405.52
455,1185.58,313.62,1200.73,319.66,1191.22,633.68,1068.81,758.62,1170.37,503.13,1183.88,725.0,1278.49,354.93,1271.17,405.07
456,1185.9,314.0,1199.91,319.52,1191.59,634.03,1072.86,759.0,1170.12,503.03,1182.4,726.28,1276.55,350.47,1270.33,403.89
457,1189.99,315.11,1196.79,319.88,1191.52,634.25,1076.84,761.32,1168.59,502.93,1181.28,727.57,1275.74,349.25,1269.01,403.54
458,1189.12,316.04,1195.65,319.9,1191.48,634.79,1081.43,765.63,1168.42,502.86,1181.22,728.28,1275.31,345.96,1266.33,401.93
459,1188.66,317.47,1195.41,321.5,1191.43,635.83,1083.37,768.95,1168.44,504.03,1180.52,728.39,1275.19,343.55,1266.2,401.86
460,1188.56,317.46,1192.11,322.3,1191.03,637.56,1088.32,773.29,1167.21,504.89,1180.29,728.63,1274.64,343.5,1260.17,401.67
461,1188.23,318.93,1191.48,322.83,1190.76,638.81,1090.25,775.66,1167.27,505.16,1180.31,728.81,1273.7,344.67,1257.67,401.65
462,1186.24,318.6,1191.33,322.68,1190.24,638.85,1092.23,778.47,1167.38,505.11,1180.42,728.8,1273.52,346.13,1256.45,401.67
463,1184.65,318.92,1190.86,323.05,1189.18,639.84,1095.06,780.95,1166.66,505.4,1180.5,729.2,1271.28,346.96,1251.28,415.44
464,1176.28,318.81,1191.1,324.62,1188.07,641.17,1095.69,783.94,1166.54,507.55,1180.53,730.04,1270.35,347.48,1251.97,412.77
465,1176.48,318.67,1189.13,325.66,1186.64,642.24,1097.17,786.41,1166.46,508.18,1180.46,729.99,1269.51,347.76,1251.12,411.31
466,1176.87,317.93,1187.56,325.45,1184.0,642.24,1102.09,790.41,1165.92,507.98,1180.49,729.93,1267.22,347.98,1247.43,411.23
467,1173.55,317.7,1185.84,325.44,1180.45,643.25,1104.71,794.78,1165.96,508.11,1180.51,730.42,1264.34,348.19,1244.52,411.12
468,1170.57,317.31,1183.04,326.27,1176.49,644.64,1105.72,797.42,1165.62,508.2,1180.09,731.57,1262.61,349.78,1241.66,412.27
469,1170.84,317.47,1179.24,327.91,1175.07,645.39,1105.09,796.93,1163.8,509.29,1179.54,731.53,1260.97,350.11,1239.96,414.67
470,1171.44,317.57,1178.0,328.29,1171.83,645.51,1105.46,797.57,1161.81,509.21,1178.96,731.45,1259.58,352.6,1235.02,417.31
471,1169.15,317.57,1175.82,328.12,1169.29,645.4,1104.49,795.88,1160.76,509.28,1178.87,731.46,1256.26,356.41,1226.46,417.17
472,1172.14,318.02,1171.3,328.51,1165.15,645.27,1104.43,795.45,1156.28,509.24,1178.77,731.43,1255.25,358.75,1222.37,419.38
473,1172.09,318.06,1169.68,329.96,1161.93,645.22,1104.27,795.27,1154.57,508.99,1178.74,731.42,1254.05,362.62,1224.06,422.84
474,1171.08,318.15,1168.22,332.05,1159.03,645.03,1103.94,795.41,1153.12,508.94,1178.77,731.34,1251.99,365.16,1223.89,425.24
475,1172.19,319.55,1164.54,332.67,1156.78,644.96,1103.61,795.5,1150.13,508.92,1178.74,731.33,1251.07,370.74,1221.09,428.07
476,1172.37,322.4,1160.31,332.73,1153.8,644.88,1103.4,795.93,1149.01,509.92,1178.73,731.58,1249.1,378.49,1214.09,430.28
477,1173.04,322.61,1159.51,334.38,1151.83,644.7,1102.88,796.11,1147.95,511.08,1178.76,731.57,1248.8,381.39,1210.76,434.03
478,1173.7,322.42,1156.97,334.23,1149.78,644.29,1102.73,796.36,1147.24,511.67,1178.9,731.82,1246.85,389.19,1204.32,434.9
479,1173.78,323.49,1155.07,337.16,1145.07,644.67,1102.57,796.43,1146.76,514.35,1178.95,732.08,1246.8,395.31,1204.01,437.58
480,1173.35,323.54,1155.33,337.65,1139.45,646.29,1102.64,796.51,1144.75,515.57,1178.98,732.78,1246.44,401.83,1197.77,441.34
481,1171.24,323.71,1152.52,337.82,1137.65,646.51,1102.81,796.92,1143.33,516.03,1179.74,733.74,1245.5,409.92,1194.47,444.41
482,1169.71,323.75,1152.31,338.28,1135.13,646.65,1104.85,797.35,1143.03,517.6,1180.44,733.8,1240.27,423.49,1187.49,447.32
483,1169.59,323.72,1150.12,339.32,1130.7,648.08,1104.86,797.66,1142.54,519.15,1180.53,733.78,1236.46,433.25,1179.58,447.72
484,1169.34,325.27,1148.93,340.05,1128.03,648.75,1104.79,797.89,1141.45,521.47,1180.44,733.76,1231.45,442.52,1174.15,447.69
485,1166.9,326.15,1149.08,340.86,1125.22,650.06,1106.54,797.81,1140.66,523.54,1180.35,733.74,1231.42,449.71,1174.03,448.7
486,1166.9,326.04,1147.85,342.06,1124.1,649.99,1106.62,797.9,1137.35,522.8,1180.54,733.75,1231.93,468.15,1172.1,450.7
487,1156.85,324.48,1148.7,342.71,1121.68,649.94,1108.22,798.17,1136.51,522.82,1180.52,733.82,1232.71,481.37,1171.37,450.03
488,1158.39,324.45,1146.51,342.43,1120.24,650.44,1108.01,798.87,1135.22,523.21,1180.59,733.82,1227.55,488.31,1161.14,449.3
489,1156.1,324.44,1145.59,342.28,1119.6,650.92,1108.97,799.07,1135.36,524.57,1180.63,733.81,1223.21,496.92,1160.37,449.41
490,1156.13,324.01,1145.35,342.23,1118.21,651.32,1109.17,800.51,1134.47,525.75,1180.63,733.69,1221.57,507.01,1159.07,450.53
491,1156.93,324.0,1144.44,342.93,1116.87,652.94,1109.06,801.85,1132.83,526.97,1180.69,733.9,1218.52,512.59,1158.63,452.68
492,1157.53,323.89,1143.38,343.93,1117.16,653.34,1109.48,802.39,1129.02,526.58,1180.87,733.76,1210.5,518.12,1152.58,453.38
493,1163.12,323.76,1143.1,343.87,1117.82,653.32,1109.38,803.77,1128.84,526.41,1182.4,733.62,1204.87,528.22,1152.36,453.87
494,1164.88,323.37,1143.02,343.79,1117.65,653.43,1109.28,804.41,1127.54,523.61,1183.07,732.65,1198.5,534.47,1150.44,453.48
495,1165.06,322.48,1143.22,343.82,1117.96,653.37,1109.2,804.68,1125.58,521.83,1183.87,730.98,1191.31,545.16,1150.9,454.21
496,1166.14,322.49,1143.01,343.74,1117.58,653.34,1109.17,804.83,1124.4,521.01,1184.26,730.43,1180.58,548.34,1149.2,455.6
497,1167.21,322.51,1142.46,344.07,1117.23,653.36,1109.22,804.99,1123.68,521.02,1184.24,730.15,1173.3,546.2,1143.65,455.65
498,1167.09,321.41,1141.52,344.01,1117.24,653.3,1109.4,805.52,1122.94,520.73,1184.23,730.14,1166.13,550.91,1143.44,455.46
499,1167.08,320.29,1141.1,344.06,1116.84,653.29,1109.84,805.79,1122.5,520.52,1184.18,730.16,1157.32,559.67,1141.07,455.33
500,1165.61,320.63,1141.56,344.74,1115.68,653.72,1109.82,806.07,1122.96,521.05,1183.85,730.12,1150.46,566.76,1139.5,457.54
501,1165.11,322.55,1141.72,344.72,1114.84,654.39,1109.79,806.66,1124.08,521.96,1183.75,730.73,1142.13,571.21,1138.63,458.25
502,1165.11,326.28,1142.01,345.06,1113.2,656.93,1109.71,806.95,1128.61,527.88,1183.86,732.47,1132.45,570.71,1132.69,458.7
503,1165.0,326.41,1141.99,345.57,1112.05,657.77,1109.8,807.54,1130.47,532.06,1184.12,733.25,1126.76,567.49,1125.12,458.65
504,1166.93,329.45,1141.12,345.26,1111.66,659.79,1110.37,809.15,1134.63,538.65,1184.27,734.06,1123.36,568.93,1120.38,458.54
505,1168.77,329.34,1141.05,343.3,1110.69,660.23,1110.47,807.25,1134.76,539.44,1185.21,735.4,1117.51,565.46,1118.07,458.35
506,1169.73,330.26,1140.35,341.95,1108.85,662.28,1110.23,805.14,1134.6,542.44,1187.09,736.68,1112.12,564.21,1111.21,458.27
507,1172.75,330.42,1140.41,341.34,1107.28,662.81,1109.27,803.16,1134.36,540.7,1187.81,738.35,1107.38,562.87,1110.16,458.16
508,1173.09,330.32,1140.62,340.89,1106.45,664.28,1109.02,802.99,1134.34,540.29,1188.72,740.46,1102.19,562.03,1106.96,457.49
509,1174.05,330.13,1140.29,340.93,1105.9,665.24,1108.93,802.65,1133.49,540.47,1189.4,741.13,1095.65,561.89,1102.97,456.49
510,1174.31,329.92,1139.74,339.97,1106.17,664.92,1108.95,802.52,1130.93,540.1,1189.69,741.44,1088.52,556.93,1099.57,452.76
511,1175.8,330.09,1137.9,339.71,1106.36,664.67,1109.01,801.07,1129.45,539.28,1189.62,741.32,1080.25,554.51,1095.48,451.43
512,1175.55,329.52,1137.52,337.96,1106.52,664.51,1108.96,801.16,1127.78,535.8,1189.33,741.14,1071.35,551.93,1092.63,446.8
513,1176.06,329.5,1134.91,337.94,1106.63,663.49,1108.95,801.83,1125.86,532.79,1189.3,741.18,1061.64,548.98,1086.72,445.41
514,1177.05,330.08,1133.63,336.2,1106.48,663.26,1108.77,801.87,1124.45,530.97,1189.24,741.49,1055.7,545.35,1083.27,442.95
515,1177.9,330.02,1132.95,335.52,1106.5,661.99,1107.99,800.95,1123.57,527.23,1188.98,741.96,1051.72,540.52,1082.58,438.78
516,1177.67,330.46,1132.05,334.53,1105.97,661.32,1105.97,801.01,1122.43,526.43,1188.87,742.79,1045.88,535.92,1079.34,433.04
517,1178.21,331.34,1130.22,334.28,1105.85,661.03,1105.99,801.17,1120.72,524.6,1188.87,743.4,1039.82,531.81,1074.2,429.99
518,1177.68,331.42,1128.98,334.33,1105.87,660.38,1105.81,802.51,1119.32,524.74,1189.38,743.91,1036.42,528.44,1070.0,429.61
519,1177.21,330.57,1128.61,333.91,1106.33,659.24,1105.8,803.56,1119.59,521.41,1189.78,743.91,1031.93,526.35,1067.39,425.9
520,1177.13,331.04,1128.64,333.62,1107.48,659.07,1105.4,807.24,1119.07,521.64,1189.78,743.98,1028.63,523.03,1065.99,422.45
521,1176.71,331.38,1128.63,332.99,1108.08,658.69,1104.69,808.77,1118.96,522.13,1190.09,746.01,1024.05,520.23,1063.67,419.65
522,1176.36,331.81,1127.71,333.06,1108.4,658.44,1105.15,808.84,1118.98,522.47,1190.89,747.6,1021.51,514.57,1059.0,416.85
523,1177.81,331.89,1127.82,332.46,1109.95,657.98,1106.45,809.02,1118.96,522.53,1192.05,748.68,1018.78,511.51,1058.1,413.02
524,1177.56,332.42,1127.79,332.39,1110.04,657.98,1106.43,808.96,1119.03,523.31,1192.38,748.96,1016.66,508.59,1055.78,411.35
525,1177.61,332.5,1127.9,330.33,1110.05,657.98,1106.63,808.56,1119.09,523.4,1192.79,749.27,1013.9,505.01,1054.06,408.3
526,1178.96,333.87,1127.98,330.21,1109.95,658.41,1107.53,809.62,1119.14,524.57,1193.57,749.21,1011.83,503.41,1052.04,408.14
527,1179.37,334.63,1128.05,329.35,1109.94,658.43,1108.1,810.56,1119.15,524.59,1193.57,750.07,1009.27,499.82,1051.27,406.45
528,1180.93,335.16,1128.14,329.08,1109.76,658.66,1109.4,810.87,1119.04,525.34,1193.72,750.27,1006.29,498.39,1050.79,405.78
529,1180.8,335.88,1128.21,328.92,1109.53,660.12,1111.0,811.17,1118.9,527.07,1193.9,750.85,1004.94,496.05,1050.77,404.24
530,1180.98,337.27,1128.25,327.71,1108.89,661.75,1111.84,811.49,1118.86,527.84,1193.94,751.17,1004.54,492.94,1051.46,401.92
531,1181.22,337.42,1128.25,327.79,1108.4,663.0,1114.25,812.91,1118.88,528.79,1195.38,751.52,1003.55,490.72,1051.44,402.43
532,1185.08,337.58,1130.1,326.87,1108.4,662.88,1115.08,812.87,1118.89,528.76,1196.83,751.76,1002.57,489.15,1051.75,400.87
533,1186.32,337.55,1130.17,326.33,1108.4,662.74,1115.36,812.72,1118.9,528.71,1196.93,751.82,1001.37,488.59,1051.55,400.25
534,1187.19,337.48,1130.63,326.33,1108.61,661.68,1115.28,811.21,1118.96,527.9,1197.63,752.22,1000.53,486.63,1051.42,400.4
535,1188.82,333.19,1133.61,325.68,1108.84,660.11,1115.13,810.82,1119.08,525.51,1197.56,752.21,1000.42,484.72,1051.76,398.96
536,1188.33,333.03,1133.23,325.58,1108.91,659.21,1117.01,809.43,1118.75,523.93,1197.38,750.7,1000.03,485.1,1051.92,399.57
537,1189.75,332.86,1133.12,324.68,1109.25,657.38,1118.2,809.28,1118.27,521.91,1197.66,750.96,999.36,484.76,1052.51,399.54
538,1190.18,332.97,1133.08,324.75,1109.57,656.95,1121.05,809.32,1118.32,522.11,1198.11,750.43,999.05,485.17,1052.58,400.24
539,1194.71,333.93,1133.01,324.89,1109.57,656.76,1121.07,808.64,1118.75,522.23,1198.57,750.38,999.19,485.36,1052.63,401.33
540,1195.05,334.7,1132.99,324.73,1109.93,656.19,1120.67,808.01,1118.92,522.26,1199.57,750.39,999.53,485.74,1052.67,401.88
541,1199.65,334.71,1133.0,324.92,1109.82,656.24,1121.35,808.05,1119.14,523.4,1199.83,749.91,999.75,485.92,1053.35,402.62
542,1200.12,334.72,1133.17,324.93,1109.77,656.18,1121.82,807.87,1119.21,524.24,1200.15,748.55,999.87,486.24,1053.68,403.42
543,1201.39,333.99,1133.49,325.14,1109.69,655.46,1122.18,806.5,1119.44,524.1,1200.46,747.85,1002.59,486.18,1054.92,403.79
